t_s,basinc_pa,ivme_g,ncsu_durum
0.0,103243.23,1.0004,S
0.02,103243.23,1.0004,S
0.04,103243.23,1.0004,S
0.06,103243.23,1.0004,S
0.08,103243.23,1.0004,S
0.1,103243.23,1.0004,S
0.12,103243.23,1.0004,S
0.14,103243.23,1.0004,S
0.16,103243.23,1.0004,S
0.18,103243.23,1.0004,S
0.2,103243.23,1.0004,S
0.22,103243.23,1.0004,S
0.24,103243.23,1.0004,S
0.26,103243.23,1.0004,S
0.28,103243.23,1.0004,S
0.3,103243.23,1.0004,S
0.32,103243.23,1.0004,S
0.34,103243.23,1.0004,S
0.36,103243.23,1.0004,S
0.38,103243.23,1.0004,S
0.4,103243.23,1.0004,S
0.42,103243.23,1.0004,S
0.44,103243.23,1.0004,S
0.46,103243.23,1.0004,S
0.48,103243.23,1.0004,S
0.5,103243.23,1.0004,S
0.52,103243.23,1.0004,S
0.54,103243.23,1.0004,S
0.56,103243.23,1.0004,S
0.58,103243.23,1.0004,S
0.6,103243.23,1.0004,S
0.62,103243.23,1.0004,S
0.64,103243.23,1.0004,S
0.66,103243.23,1.0004,S
0.68,103243.23,1.0004,S
0.7,103243.23,1.0004,S
0.72,103243.23,1.0004,S
0.74,103243.23,1.0004,S
0.76,103243.23,1.0004,S
0.78,103243.23,1.0004,S
0.8,103243.23,1.0004,S
0.82,103243.23,1.0004,S
0.84,103243.23,1.0004,S
0.86,103243.23,1.0004,S
0.88,103243.23,1.0004,S
0.9,103243.23,1.0004,S
0.92,103243.23,1.0004,S
0.94,103243.23,1.0004,S
0.96,103243.23,1.0004,S
0.98,103243.23,1.0004,S
1.0,103243.23,1.0004,S
1.02,103243.23,1.0004,S
1.04,103243.23,1.0004,S
1.06,103243.23,1.0004,S
1.08,103243.23,1.0004,S
1.1,103243.23,1.0004,S
1.12,103243.23,1.0004,S
1.14,103243.23,1.0004,S
1.16,103243.23,1.0004,S
1.18,103243.23,1.0004,S
1.2,103243.23,1.0004,S
1.22,103243.23,1.0004,S
1.24,103243.23,1.0004,S
1.26,103243.23,1.0004,S
1.28,103243.23,1.0004,S
1.3,103243.23,1.0004,S
1.32,103243.23,1.0004,S
1.34,103243.23,1.0004,S
1.36,103243.23,1.0004,S
1.38,103243.23,1.0004,S
1.4,103243.23,1.0004,S
1.42,103243.23,1.0004,S
1.44,103243.23,1.0004,S
1.46,103243.23,1.0004,S
1.48,103243.23,1.0004,S
1.5,103243.23,1.0004,S
1.52,103243.23,1.0004,S
1.54,103243.23,1.0004,S
1.56,103243.23,1.0004,S
1.58,103243.23,1.0004,S
1.6,103243.23,1.0004,S
1.62,103243.23,1.0004,S
1.64,103243.23,1.0004,S
1.66,103243.23,1.0004,S
1.68,103243.23,1.0004,S
1.7,103243.23,1.0004,S
1.72,103243.23,1.0004,S
1.74,103243.23,1.0004,S
1.76,103243.23,1.0004,S
1.78,103265.39,0.9992,S
1.8,103262.62,0.999,S
1.82,103262.61,0.9993,S
1.84,103264.34,1.0004,S
1.86,103264.34,0.9994,S
1.88,103271.58,0.9991,S
1.9,103271.69,0.9971,S
1.92,103266.33,0.9987,S
1.94,103266.25,0.9991,S
1.96,103267.7,0.9996,S
1.98,103267.74,1.0002,S
2.0,103268.75,0.9998,S
2.02,103268.76,1.0009,S
2.04,103269.47,0.9998,S
2.06,103269.49,1.0011,S
2.08,103270.23,1.0015,S
2.1,103270.25,1.001,S
2.12,103264.54,0.9989,S
2.14,103263.93,1.001,S
2.16,103267.44,0.9996,S
2.18,103267.81,0.9999,S
2.2,103263.83,0.9984,S
2.22,103263.0,0.9989,S
2.24,103266.31,0.9981,S
2.26,103267.0,0.9992,S
2.28,103267.08,0.9993,S
2.3,103267.1,0.9997,S
2.32,103267.91,0.9982,S
2.34,103268.93,0.9989,S
2.36,103269.62,0.9981,S
2.38,103270.47,0.9988,S
2.4,103270.47,0.9985,S
2.42,103266.25,1.0013,S
2.44,103266.25,0.9994,S
2.46,103272.78,0.9985,S
2.48,103272.79,0.9983,S
2.5,103268.33,0.9994,S
2.52,103268.32,1.0011,S
2.54,103271.85,0.9991,S
2.56,103271.86,0.9983,S
2.58,103258.76,1.0009,S
2.6,103258.65,0.9988,S
2.62,103264.11,0.9994,S
2.64,103264.15,1.0015,S
2.66,103265.17,1.001,S
2.68,103265.17,0.9992,S
2.7,103272.05,0.9982,S
2.72,103272.16,0.9973,S
2.74,103266.85,0.9982,S
2.76,103266.69,0.9987,S
2.78,103262.96,0.9991,S
2.8,103262.85,0.9984,S
2.82,103261.87,0.9967,S
2.84,103261.83,1.001,S
2.86,103265.0,0.9997,S
2.88,103265.34,0.9998,S
2.9,103260.61,1.0002,S
2.92,103260.1,0.9996,S
2.94,103264.43,0.9987,S
2.96,103265.34,1.0001,S
2.98,103267.6,1.0008,S
3.0,103268.08,0.9991,S
3.02,103269.01,1.0005,S
3.04,103269.42,0.9997,S
3.06,103260.75,1.0021,S
3.08,103256.8,1.0009,S
3.1,103258.91,1.0021,S
3.12,103261.58,1.0015,S
3.14,103263.22,1.0024,S
3.16,103265.3,0.9988,S
3.18,103265.3,0.9994,S
3.2,103261.34,0.9994,S
3.22,103261.34,0.9987,S
3.24,103267.13,1.0005,S
3.26,103267.13,0.9979,S
3.28,103259.06,0.9988,S
3.3,103259.02,0.9999,S
3.32,103262.76,0.9995,S
3.34,103262.78,0.9991,S
3.36,103264.79,1.0,S
3.38,103264.81,0.9991,S
3.4,103267.33,1.0006,S
3.42,103267.37,1.0003,S
3.44,103262.24,0.9992,S
3.46,103262.17,1.001,S
3.48,103263.16,0.9999,S
3.5,103263.17,1.0022,S
3.52,103260.91,1.0009,S
3.54,103260.85,1.0018,S
3.56,103263.43,0.999,S
3.58,103263.56,1.0012,S
3.6,103262.0,1.0003,S
3.62,103261.93,0.9987,S
3.64,103265.06,0.9969,S
3.66,103265.39,0.999,S
3.68,103258.58,1.0015,S
3.7,103257.85,1.0,S
3.72,103261.18,1.0009,S
3.74,103261.88,0.9984,S
3.76,103269.46,1.0003,S
3.78,103271.06,0.9993,S
3.8,103267.7,0.9985,S
3.82,103266.17,1.0008,S
3.84,103266.24,0.9995,S
3.86,103266.3,0.9997,S
3.88,103266.21,0.9993,S
3.9,103266.13,0.9995,S
3.92,103266.13,0.9993,S
3.94,103262.61,0.999,S
3.96,103262.61,1.0,S
3.98,103263.59,0.9991,S
4.0,103263.59,0.9991,S
4.02,103267.33,0.9999,S
4.04,103267.35,0.9976,S
4.06,103265.59,0.9982,S
4.08,103265.59,1.0007,S
4.1,103270.06,0.9962,S
4.12,103270.08,0.9988,S
4.14,103269.69,1.0008,S
4.16,103269.69,1.0,S
4.18,103266.36,0.9992,S
4.2,103266.32,0.9993,S
4.22,103265.69,1.0005,S
4.24,103265.69,1.0012,S
4.26,103266.05,0.9983,S
4.28,103266.05,0.9971,S
4.3,103266.27,1.0,S
4.32,103266.27,0.9991,S
4.34,103266.91,0.9997,S
4.36,103266.93,0.9995,S
4.38,103264.43,1.0015,S
4.4,103264.17,0.9991,S
4.42,103266.72,1.0006,S
4.44,103266.98,0.9984,S
4.46,103267.68,0.9993,S
4.48,103267.81,0.9999,S
4.5,103266.0,1.001,S
4.52,103265.64,0.9987,S
4.54,103265.34,0.9998,S
4.56,103265.22,1.0009,S
4.58,103266.17,1.0005,S
4.6,103266.59,0.9983,S
4.62,103267.18,0.9954,S
4.64,103267.91,0.9985,S
4.66,103265.37,0.995,S
4.68,103262.15,0.9974,S
4.7,103262.15,1.0,S
4.72,103271.17,0.9989,S
4.74,103271.18,0.9995,S
4.76,103269.4,1.0023,S
4.78,103269.4,0.9998,S
4.8,103269.86,0.9981,S
4.82,103269.86,1.0002,S
4.84,103266.16,0.9978,S
4.86,103266.15,1.0037,S
4.88,103265.44,1.0002,S
4.9,103265.44,1.0122,S
4.92,103265.44,0.9977,S
4.94,103265.44,1.0028,S
4.96,103267.71,1.0024,S
4.98,103267.74,1.1756,S
5.0,103268.23,10.3884,S
5.02,103268.23,9.1821,S
5.04,103291.94,8.6554,S
5.06,103292.69,9.0172,S
5.08,103268.12,9.2411,S
5.1,103266.69,9.3435,S
5.12,103258.3,9.5193,M
5.14,103257.82,9.3213,M
5.16,103256.31,9.705,M
5.18,103256.16,10.0024,M
5.2,103254.68,9.7174,M
5.22,103254.53,9.7217,M
5.24,103250.2,9.811,M
5.26,103249.28,9.8566,M
5.28,103242.88,9.879,M
5.3,103241.54,9.9229,M
5.32,103238.79,10.0031,M
5.34,103237.56,9.9929,M
5.36,103232.54,10.0336,M
5.38,103226.17,10.005,M
5.4,103219.92,10.1043,M
5.42,103212.01,10.1259,M
5.44,103212.0,10.0993,M
5.46,103196.83,10.166,M
5.48,103196.79,10.202,M
5.5,103179.61,10.2573,M
5.52,103179.58,10.1511,M
5.54,103161.55,10.2144,M
5.56,103161.46,10.2124,M
5.58,103146.45,10.3339,M
5.6,103146.37,10.3461,M
5.62,103118.65,10.5015,M
5.64,103118.4,10.2842,M
5.66,103096.45,10.3584,M
5.68,103096.25,10.4575,M
5.7,103070.26,10.3933,M
5.72,103069.81,10.551,M
5.74,103031.46,10.5793,M
5.76,103030.8,10.4658,M
5.78,102993.14,10.4657,M
5.8,102990.95,10.3329,M
5.82,102962.29,10.5222,M
5.84,102960.63,10.6105,M
5.86,102925.1,10.5637,M
5.88,102923.03,10.5116,M
5.9,102895.53,10.5413,M
5.92,102892.54,10.5057,M
5.94,102868.19,10.4683,M
5.96,102865.54,10.3928,M
5.98,102846.98,10.5215,M
6.0,102838.53,10.3655,M
6.02,102811.56,10.3871,M
6.04,102799.28,10.373,M
6.06,102787.34,10.388,M
6.08,102772.22,10.3153,M
6.1,102757.6,10.2535,M
6.12,102739.09,10.3102,M
6.14,102739.05,10.1467,M
6.16,102703.36,10.3167,M
6.18,102703.26,10.1261,M
6.2,102663.65,10.2333,M
6.22,102663.54,10.1307,M
6.24,102623.8,10.0311,M
6.26,102623.6,10.0948,M
6.28,102577.75,9.8834,M
6.3,102577.5,9.9339,M
6.32,102530.59,9.8576,M
6.34,102530.14,9.748,M
6.36,102482.84,9.8005,M
6.38,102482.02,9.8028,M
6.4,102447.29,9.8213,M
6.42,102446.69,9.5168,M
6.44,102399.66,9.5752,M
6.46,102398.18,9.5326,M
6.48,102351.91,9.5809,M
6.5,102350.45,9.7073,M
6.52,102296.5,9.4485,M
6.54,102293.37,9.4031,M
6.56,102235.16,9.4985,M
6.58,102231.77,9.5339,M
6.6,102184.2,9.4504,M
6.62,102179.02,9.1722,M
6.64,102119.92,9.3289,M
6.66,102113.49,9.2339,M
6.68,102064.43,9.2476,M
6.7,102054.02,9.2198,M
6.72,102004.13,9.1723,M
6.74,101993.54,9.0687,M
6.76,101948.74,9.0504,M
6.78,101928.33,8.9501,M
6.8,101883.18,8.8392,M
6.82,101862.68,8.9215,M
6.84,101862.58,8.7006,M
6.86,101805.61,8.5603,M
6.88,101805.06,8.2258,M
6.9,101738.46,7.7364,M
6.92,101738.26,6.7651,M
6.94,101663.49,5.797,M
6.96,101663.09,4.6654,M
6.98,101566.93,3.2309,M
7.0,101566.0,1.7527,M
7.02,101483.16,0.5355,M
7.04,101482.39,0.0386,M
7.06,101386.98,-0.5038,M
7.08,101385.31,-0.6207,M
7.1,101306.9,-0.6951,M
7.12,101305.52,-0.5948,M
7.14,101247.16,-0.6185,M
7.16,101220.49,-0.6707,M
7.18,101144.2,-0.6572,M
7.2,101142.2,-0.6092,M
7.22,101056.12,-0.6412,M
7.24,101051.14,-0.6796,M
7.26,100974.42,-0.6892,M
7.28,100969.96,-0.6777,M
7.3,100889.54,-0.6595,M
7.32,100880.79,-0.6679,M
7.34,100807.33,-0.7152,M
7.36,100803.8,-0.6895,M
7.38,100731.1,-0.6701,M
7.4,100716.69,-0.635,M
7.42,100646.92,-0.7039,M
7.44,100632.12,-0.6981,M
7.46,100632.09,-0.6208,C
7.48,100548.74,-0.6675,C
7.5,100493.16,-0.6976,C
7.52,100467.87,-0.7134,C
7.54,100430.44,-0.7093,C
7.56,100384.33,-0.692,C
7.58,100382.87,-0.6673,C
7.6,100294.0,-0.6498,C
7.62,100293.77,-0.6539,C
7.64,100221.66,-0.6519,C
7.66,100221.44,-0.6311,C
7.68,100125.23,-0.5904,C
7.7,100124.71,-0.6673,C
7.72,100046.55,-0.7006,C
7.74,100046.12,-0.6357,C
7.76,99964.01,-0.6408,C
7.78,99963.66,-0.6459,C
7.8,99879.28,-0.6141,C
7.82,99878.47,-0.6225,C
7.84,99806.3,-0.6137,C
7.86,99805.04,-0.64,C
7.88,99751.53,-0.6428,C
7.9,99727.08,-0.6176,C
7.92,99727.08,-0.6291,C
7.94,99649.02,-0.6178,C
7.96,99572.5,-0.6132,C
7.98,99568.48,-0.6308,C
8.0,99510.69,-0.5857,C
8.02,99484.5,-0.5874,C
8.04,99484.48,-0.588,C
8.06,99405.44,-0.5754,C
8.08,99343.08,-0.5576,C
8.1,99330.19,-0.5821,C
8.12,99293.66,-0.5943,C
8.14,99247.74,-0.5782,C
8.16,99247.66,-0.5757,C
8.18,99170.88,-0.5878,C
8.2,99140.26,-0.554,C
8.22,99108.26,-0.5669,C
8.24,99067.54,-0.5386,C
8.26,99024.49,-0.5588,C
8.28,99024.37,-0.5525,C
8.3,98949.01,-0.5077,C
8.32,98948.91,-0.5482,C
8.34,98878.41,-0.546,C
8.36,98870.73,-0.5635,C
8.38,98800.07,-0.538,C
8.4,98799.72,-0.5571,C
8.42,98728.26,-0.5789,C
8.44,98727.01,-0.5352,C
8.46,98659.24,-0.5516,C
8.48,98644.81,-0.524,C
8.5,98572.41,-0.5138,C
8.52,98571.72,-0.5555,C
8.54,98500.65,-0.5095,C
8.56,98498.39,-0.4933,C
8.58,98463.25,-0.5201,C
8.6,98418.52,-0.504,C
8.62,98352.83,-0.4896,C
8.64,98351.1,-0.5166,C
8.66,98283.42,-0.5099,C
8.68,98279.5,-0.4982,C
8.7,98279.5,-0.5252,C
8.72,98212.63,-0.4447,C
8.74,98212.63,-0.5084,C
8.76,98142.68,-0.4897,C
8.78,98142.0,-0.4931,C
8.8,98073.43,-0.5365,C
8.82,98073.42,-0.5031,C
8.84,98003.56,-0.5043,C
8.86,97943.74,-0.5001,C
8.88,97931.71,-0.492,C
8.9,97880.88,-0.4874,C
8.92,97880.88,-0.4874,C
8.94,97857.97,-0.5253,C
8.96,97793.18,-0.4359,C
8.98,97793.13,-0.4437,C
9.0,97715.54,-0.435,C
9.02,97685.36,-0.4783,C
9.04,97650.86,-0.4681,C
9.06,97647.1,-0.4656,C
9.08,97615.88,-0.4751,C
9.1,97576.13,-0.4472,C
9.12,97503.42,-0.4609,C
9.14,97503.23,-0.4758,C
9.16,97433.83,-0.4812,C
9.18,97429.79,-0.4545,C
9.2,97429.79,-0.4573,C
9.22,97359.99,-0.4611,C
9.24,97297.05,-0.4428,C
9.26,97296.5,-0.486,C
9.28,97233.76,-0.4345,C
9.3,97231.77,-0.4114,C
9.32,97166.7,-0.4529,C
9.34,97159.6,-0.4353,C
9.36,97106.41,-0.4283,C
9.38,97100.62,-0.4272,C
9.4,97100.62,-0.4581,C
9.42,97038.87,-0.4782,C
9.44,97038.87,-0.4696,C
9.46,96966.3,-0.422,C
9.48,96901.21,-0.5323,C
9.5,96897.48,-0.4225,C
9.52,96835.76,-0.4419,C
9.54,96830.21,-0.4351,C
9.56,96777.37,-0.4261,C
9.58,96772.72,-0.4255,C
9.6,96717.33,-0.426,C
9.62,96712.23,-0.4271,C
9.64,96661.71,-0.4262,C
9.66,96652.85,-0.443,C
9.68,96594.12,-0.4182,C
9.7,96573.08,-0.4245,C
9.72,96546.65,-0.442,C
9.74,96513.94,-0.4329,C
9.76,96513.86,-0.4313,C
9.78,96446.11,-0.4003,C
9.8,96446.0,-0.4109,C
9.82,96377.72,-0.3954,C
9.84,96377.52,-0.3969,C
9.86,96323.75,-0.4092,C
9.88,96323.59,-0.3932,C
9.9,96254.63,-0.3979,C
9.92,96254.46,-0.3896,C
9.94,96188.64,-0.3976,C
9.96,96188.29,-0.3919,C
9.98,96134.99,-0.3713,C
10.0,96134.48,-0.3783,C
10.02,96069.63,-0.3819,C
10.04,96069.0,-0.3693,C
10.06,96006.3,-0.3611,C
10.08,96005.21,-0.3513,C
10.1,95947.57,-0.3676,C
10.12,95946.56,-0.3774,C
10.14,95887.83,-0.381,C
10.16,95885.97,-0.3869,C
10.18,95833.72,-0.3578,C
10.2,95830.67,-0.3511,C
10.22,95772.74,-0.3492,C
10.24,95769.37,-0.407,C
10.26,95710.17,-0.356,C
10.28,95703.73,-0.3631,C
10.3,95650.93,-0.3549,C
10.32,95645.18,-0.4016,C
10.34,95599.65,-0.3604,C
10.36,95589.97,-0.45,C
10.38,95543.29,-0.4351,C
10.4,95533.38,-0.3839,C
10.42,95590.27,-0.5487,C
10.44,95616.2,-0.614,C
10.46,95572.15,-0.4408,C
10.48,95552.04,-0.6964,C
10.5,95418.86,-0.744,C
10.52,95249.88,-0.7903,C
10.54,95218.35,-0.8755,C
10.56,95178.98,-0.9029,C
10.58,95178.86,-0.6629,C
10.6,95029.92,-0.8384,C
10.62,95029.47,-0.8536,C
10.64,94590.64,-0.912,C
10.66,94589.31,-0.8053,C
10.68,94533.25,-0.8335,C
10.7,94533.09,-0.671,C
10.72,94460.65,-0.8844,C
10.74,94460.26,-0.8897,C
10.76,94461.66,-0.9203,C
10.78,94461.66,-0.7137,C
10.8,94382.9,-0.8414,C
10.82,94382.14,-0.5993,C
10.84,94322.02,-0.829,C
10.86,94321.44,-0.7268,C
10.88,94270.14,-0.8798,C
10.9,94269.24,-0.757,C
10.92,94252.23,-0.6829,C
10.94,94251.93,-0.773,C
10.96,94240.48,-0.719,C
10.98,94240.12,-0.5334,C
11.0,94134.59,-0.8988,C
11.02,94131.24,-0.8518,C
11.04,94091.27,-0.9347,C
11.06,94088.95,-0.6933,C
11.08,94015.19,-0.9789,C
11.1,94010.9,-0.8828,C
11.12,93971.03,-0.7552,C
11.14,93966.69,-0.6151,C
11.16,93910.05,-0.655,C
11.18,93898.01,-0.6019,C
11.2,93843.22,-0.5693,C
11.22,93831.58,-0.749,C
11.24,93801.52,-0.7325,C
11.26,93787.84,-0.6397,C
11.28,93749.86,-0.8562,C
11.3,93741.8,-0.7688,C
11.32,93721.47,-0.868,C
11.34,93712.21,-0.7375,C
11.36,93666.6,-0.6007,C
11.38,93645.81,-0.6875,C
11.4,93631.79,-0.7752,C
11.42,93614.07,-0.7505,C
11.44,93605.69,-0.6209,C
11.46,93595.13,-0.663,C
11.48,93595.1,-0.6333,C
11.5,93540.64,-0.6915,C
11.52,93540.48,-0.7147,C
11.54,93456.36,-0.5337,C
11.56,93456.11,-0.6177,C
11.58,93418.47,-0.6275,C
11.6,93418.27,-0.6041,C
11.62,93391.94,-0.4587,C
11.64,93391.8,-0.5225,C
11.66,93339.26,-0.5124,C
11.68,93338.75,-0.5098,C
11.7,93285.12,-0.5817,C
11.72,93284.6,-0.5585,C
11.74,93239.78,-0.5712,C
11.76,93239.0,-0.5511,C
11.78,93207.71,-0.5334,C
11.8,93206.72,-0.5217,C
11.82,93171.53,-0.5781,C
11.84,93170.42,-0.5394,C
11.86,93140.88,-0.5518,C
11.88,93139.17,-0.5367,C
11.9,93114.98,-0.5608,C
11.92,93113.58,-0.5554,C
11.94,93085.11,-0.5727,C
11.96,93082.02,-0.5283,C
11.98,93012.78,-0.5087,C
12.0,93005.25,-0.5588,C
12.02,92950.55,-0.4882,C
12.04,92938.93,-0.5403,C
12.06,92905.79,-0.5911,C
12.08,92898.75,-0.6148,C
12.1,92859.56,-0.5347,C
12.12,92841.71,-0.502,C
12.14,92821.78,-0.5111,C
12.16,92812.72,-0.5738,C
12.18,92788.29,-0.5217,C
12.2,92757.29,-0.5609,C
12.22,92745.24,-0.5187,C
12.24,92730.05,-0.5414,C
12.26,92730.01,-0.4712,C
12.28,92690.16,-0.5667,C
12.3,92690.05,-0.4317,C
12.32,92682.47,-0.4056,C
12.34,92682.45,-0.4728,C
12.36,92641.82,-0.4351,C
12.38,92641.61,-0.4029,C
12.4,92597.19,-0.4222,C
12.42,92596.76,-0.5377,C
12.44,92533.5,-0.4886,C
12.46,92532.89,-0.3711,C
12.48,92512.15,-0.4708,C
12.5,92511.8,-0.4787,C
12.52,92487.2,-0.559,C
12.54,92486.77,-0.4801,C
12.56,92456.63,-0.3765,C
12.58,92456.11,-0.4849,C
12.6,92429.33,-0.5296,C
12.62,92428.86,-0.4643,C
12.64,92387.76,-0.3563,C
12.66,92386.46,-0.4687,C
12.68,92349.61,-0.4909,C
12.7,92348.44,-0.3911,C
12.72,92302.97,-0.4383,C
12.74,92300.32,-0.3663,C
12.76,92274.99,-0.3556,C
12.78,92273.52,-0.3825,C
12.8,92215.49,-0.3602,C
12.82,92209.17,-0.4488,C
12.84,92173.9,-0.3993,C
12.86,92170.06,-0.387,C
12.88,92141.55,-0.4986,C
12.9,92135.49,-0.4359,C
12.92,92116.39,-0.4822,C
12.94,92107.69,-0.4079,C
12.96,92099.1,-0.4199,C
12.98,92095.2,-0.3434,C
13.0,92077.41,-0.4261,C
13.02,92054.83,-0.3377,C
13.04,92043.9,-0.4047,C
13.06,92030.1,-0.381,C
13.08,92030.06,-0.4125,C
13.1,92007.86,-0.375,C
13.12,92007.79,-0.4151,C
13.14,91982.35,-0.4254,C
13.16,91982.28,-0.3891,C
13.18,91940.92,-0.2813,C
13.2,91940.7,-0.3557,C
13.22,91897.19,-0.354,C
13.24,91896.95,-0.3469,C
13.26,91854.49,-0.2875,C
13.28,91854.08,-0.3678,C
13.3,91817.83,-0.4397,C
13.32,91817.49,-0.3648,C
13.34,91783.94,-0.2844,C
13.36,91783.36,-0.3998,C
13.38,91737.86,-0.3397,C
13.4,91737.07,-0.3336,C
13.42,91702.8,-0.3819,C
13.44,91701.72,-0.3336,C
13.46,91696.03,-0.3498,C
13.48,91695.71,-0.2484,C
13.5,91681.38,-0.3007,C
13.52,91680.55,-0.2817,C
13.54,91656.15,-0.3696,C
13.56,91653.5,-0.2971,C
13.58,91618.96,-0.347,C
13.6,91615.2,-0.3376,C
13.62,91584.82,-0.3278,C
13.64,91578.36,-0.2767,C
13.66,91549.39,-0.2955,C
13.68,91543.23,-0.2907,C
13.7,91519.45,-0.3077,C
13.72,91508.63,-0.295,C
13.74,91484.97,-0.2012,C
13.76,91474.21,-0.3103,C
13.78,91465.64,-0.3181,C
13.8,91454.82,-0.2936,C
13.82,91441.17,-0.2889,C
13.84,91423.88,-0.2719,C
13.86,91423.83,-0.2793,C
13.88,91390.0,-0.3005,C
13.9,91389.9,-0.2941,C
13.92,91364.55,-0.2878,C
13.94,91364.48,-0.2744,C
13.96,91338.64,-0.3169,C
13.98,91338.51,-0.2832,C
14.0,91321.89,-0.226,C
14.02,91321.73,-0.299,C
14.04,91305.87,-0.2848,C
14.06,91305.72,-0.2777,C
14.08,91272.39,-0.2277,C
14.1,91271.81,-0.2554,C
14.12,91235.63,-0.2805,C
14.14,91234.99,-0.232,C
14.16,91209.72,-0.2106,C
14.18,91208.92,-0.2493,C
14.2,91175.17,-0.3,C
14.22,91174.1,-0.2413,C
14.24,91143.97,-0.3064,C
14.26,91142.22,-0.2078,C
14.28,91120.37,-0.2042,C
14.3,91119.1,-0.2518,C
14.32,91104.94,-0.28,C
14.34,91103.4,-0.2302,C
14.36,91065.62,-0.2454,C
14.38,91061.51,-0.2241,C
14.4,91037.92,-0.2424,C
14.42,91032.9,-0.1769,C
14.44,91029.99,-0.2475,C
14.46,91028.67,-0.259,C
14.48,91010.85,-0.2101,C
14.5,91002.73,-0.1815,C
14.52,90997.0,-0.246,C
14.54,90989.75,-0.1818,C
14.56,90970.54,-0.2499,C
14.58,90946.19,-0.2192,C
14.6,90946.12,-0.1635,C
14.62,90923.36,-0.1692,C
14.64,90923.3,-0.2162,C
14.66,91007.12,-0.2403,C
14.68,91007.37,-0.2103,C
14.7,90923.07,-0.1731,C
14.72,90922.61,-0.1975,C
14.74,90905.41,-0.1786,C
14.76,90905.33,-0.1762,C
14.78,90980.95,-0.169,C
14.8,90981.68,-0.1369,C
14.82,90948.59,-0.1435,C
14.84,90948.27,-0.1181,C
14.86,90933.22,-0.1296,C
14.88,90932.97,-0.0869,C
14.9,90987.42,-0.0876,C
14.92,90988.37,-0.0726,C
14.94,91010.24,-0.0763,C
14.96,91010.93,-0.0781,C
14.98,90986.44,-0.0784,C
15.0,90985.02,-0.0801,C
15.02,90952.87,-0.0697,C
15.04,90951.01,-0.0712,C
15.06,90926.04,-0.0738,C
15.08,90923.32,-0.0657,C
15.1,90906.83,-0.0701,C
15.12,90905.04,-0.0738,C
15.14,90884.75,-0.072,C
15.16,90880.43,-0.0706,C
15.18,90856.8,-0.07,C
15.2,90851.77,-0.0707,C
15.22,90835.39,-0.0686,C
15.24,90827.93,-0.0668,C
15.26,90810.2,-0.067,C
15.28,90802.12,-0.0678,C
15.3,90793.4,-0.0625,C
15.32,90782.36,-0.0647,C
15.34,90772.56,-0.0644,C
15.36,90760.17,-0.064,C
15.38,90760.14,-0.0662,C
15.4,90737.64,-0.0647,C
15.42,90737.58,-0.0596,C
15.44,90715.96,-0.0609,C
15.46,90715.9,-0.0614,C
15.48,90686.98,-0.0658,C
15.5,90686.82,-0.0642,C
15.52,90672.07,-0.0593,C
15.54,90671.93,-0.0627,C
15.56,90642.02,-0.0561,C
15.58,90641.73,-0.0623,C
15.6,90627.2,-0.0606,C
15.62,90626.96,-0.0436,C
15.64,90600.35,-0.0571,C
15.66,90599.88,-0.0569,C
15.68,90576.83,-0.0539,C
15.7,90576.1,-0.0543,C
15.72,90551.4,-0.0527,C
15.74,90550.62,-0.0566,C
15.76,90531.23,-0.0575,C
15.78,90530.11,-0.0549,C
15.8,90507.08,-0.0514,C
15.82,90505.74,-0.05,C
15.84,90491.94,-0.0528,C
15.86,90490.44,-0.05,C
15.88,90470.93,-0.0552,C
15.9,90468.8,-0.0519,C
15.92,90449.82,-0.0521,C
15.94,90445.79,-0.0481,C
15.96,90434.82,-0.0528,C
15.98,90429.82,-0.0502,C
16.0,90414.4,-0.0507,C
16.02,90407.37,-0.0509,C
16.04,90395.87,-0.0507,C
16.06,90381.29,-0.049,C
16.08,90374.44,-0.0453,C
16.1,90365.8,-0.0513,C
16.12,90365.78,-0.046,C
16.14,90349.05,-0.0454,C
16.16,90349.01,-0.0459,C
16.18,90325.07,-0.0404,C
16.2,90325.01,-0.0407,C
16.22,90303.15,-0.0392,C
16.24,90303.03,-0.0391,C
16.26,90286.86,-0.0399,C
16.28,90286.77,-0.0341,C
16.3,90272.94,-0.04,C
16.32,90272.81,-0.0418,C
16.34,90247.05,-0.0394,C
16.36,90246.81,-0.0403,C
16.38,90236.39,-0.0367,C
16.4,90236.21,-0.0382,C
16.42,90220.32,-0.0363,C
16.44,90220.05,-0.0357,C
16.46,90200.07,-0.0396,C
16.48,90199.44,-0.0348,C
16.5,90177.48,-0.0359,C
16.52,90176.2,-0.036,C
16.54,90163.83,-0.0404,C
16.56,90163.12,-0.0365,C
16.58,90143.79,-0.035,C
16.6,90141.68,-0.0384,C
16.62,90127.98,-0.0319,C
16.64,90126.5,-0.0365,C
16.66,90109.44,-0.0368,C
16.68,90105.82,-0.0318,C
16.7,90093.88,-0.0352,C
16.72,90091.34,-0.0305,C
16.74,90083.34,-0.0317,C
16.76,90079.7,-0.0331,C
16.78,90062.25,-0.0347,C
16.8,90054.3,-0.0299,C
16.82,90048.37,-0.0318,C
16.84,90040.87,-0.0314,C
16.86,90033.53,-0.0297,C
16.88,90024.24,-0.0277,C
16.9,90024.22,-0.0308,C
16.92,90010.08,-0.031,C
16.94,90010.04,-0.0257,C
16.96,89992.32,-0.0285,C
16.98,89992.27,-0.0266,C
17.0,89975.41,-0.0274,C
17.02,89975.32,-0.0282,C
17.04,89965.53,-0.026,C
17.06,89965.44,-0.0279,C
17.08,89946.81,-0.0248,C
17.1,89946.64,-0.0271,C
17.12,89930.8,-0.0265,C
17.14,89930.52,-0.0256,C
17.16,89916.24,-0.0307,C
17.18,89916.0,-0.0264,C
17.2,89910.0,-0.0269,C
17.22,89909.82,-0.0251,C
17.24,89886.2,-0.0252,C
17.26,89885.46,-0.023,C
17.28,89873.08,-0.025,C
17.3,89872.37,-0.0233,C
17.32,89857.95,-0.0235,C
17.34,89857.11,-0.0252,C
17.36,89842.49,-0.0215,C
17.38,89840.9,-0.023,C
17.4,89834.77,-0.0228,C
17.42,89834.11,-0.0227,C
17.44,89820.68,-0.0203,C
17.46,89817.83,-0.0211,C
17.48,89808.8,-0.0252,C
17.5,89804.68,-0.0234,C
17.52,89793.24,-0.0238,C
17.54,89788.02,-0.0203,C
17.56,89785.15,-0.0204,C
17.58,89781.51,-0.0204,C
17.6,89776.05,-0.0191,C
17.62,89769.13,-0.0194,C
17.64,89769.12,-0.0196,C
17.66,89755.36,-0.0194,C
17.68,89755.33,-0.0169,C
17.7,89740.84,-0.0168,C
17.72,89740.8,-0.0172,C
17.74,89729.87,-0.0141,C
17.76,89729.82,-0.0152,C
17.78,89719.59,-0.0164,C
17.8,89719.54,-0.016,C
17.82,89708.29,-0.0162,C
17.84,89708.18,-0.0139,C
17.86,89697.08,-0.0112,C
17.88,89696.98,-0.0136,C
17.9,89689.51,-0.0146,C
17.92,89689.39,-0.0151,C
17.94,89677.72,-0.0118,C
17.96,89677.52,-0.0144,C
17.98,89665.83,-0.0143,C
18.0,89665.46,-0.015,C
18.02,89657.38,-0.0135,C
18.04,89656.92,-0.0111,C
18.06,89647.02,-0.008,C
18.08,89646.44,-0.0104,C
18.1,89633.58,-0.0098,C
18.12,89632.18,-0.013,C
18.14,89622.71,-0.0098,C
18.16,89621.69,-0.0072,C
18.18,89616.73,-0.0107,C
18.2,89615.68,-0.0074,C
18.22,89607.97,-0.0079,C
18.24,89606.33,-0.0073,C
18.26,89599.55,-0.0089,C
18.28,89596.47,-0.0069,C
18.3,89590.26,-0.0057,C
18.32,89587.43,-0.0066,C
18.34,89581.91,-0.0088,C
18.36,89574.9,-0.007,C
18.38,89570.22,-0.0075,C
18.4,89564.3,-0.0055,C
18.42,89564.29,-0.0039,C
18.44,89554.76,-0.0055,C
18.46,89554.74,-0.0046,C
18.48,89546.8,-0.0054,C
18.5,89546.78,-0.0032,C
18.52,89538.01,-0.0043,C
18.54,89537.97,-0.0051,C
18.56,89526.43,-0.0023,C
18.58,89526.32,-0.0027,C
18.6,89519.21,-0.0042,C
18.62,89519.15,-0.0025,C
18.64,89512.59,-0.005,C
18.66,89512.48,-0.0037,C
18.68,89507.27,-0.0019,C
18.7,89507.18,-0.0041,C
18.72,89498.3,-0.0021,C
18.74,89498.03,-0.0029,C
18.76,89492.51,-0.0011,C
18.78,89492.34,-0.0042,C
18.8,89486.89,-0.0001,C
18.82,89486.58,-0.0035,C
18.84,89479.0,-0.0015,C
18.86,89478.57,-0.0026,C
18.88,89468.64,-0.0017,C
18.9,89467.56,-0.002,C
18.92,89469.05,-0.0023,C
18.94,89469.21,-0.0008,C
18.96,89462.87,-0.0027,C
18.98,89461.53,-0.0022,C
19.0,89451.92,-0.0005,C
19.02,89449.88,-0.0033,C
19.04,89443.76,-0.0005,C
19.06,89440.97,-0.0017,C
19.08,89439.26,-0.0,C
19.1,89437.09,0.0002,C
19.12,89436.64,-0.0012,C
19.14,89436.07,-0.0011,C
19.16,89436.07,-0.0024,C
19.18,89430.58,-0.0012,C
19.2,89430.57,0.0012,C
19.22,89422.31,0.0015,C
19.24,89422.3,0.002,C
19.26,89418.07,-0.0015,C
19.28,89418.05,-0.0008,C
19.3,89413.79,-0.0001,C
19.32,89413.78,0.0008,C
19.34,89410.49,-0.0009,C
19.36,89410.46,-0.0022,C
19.38,89405.95,-0.001,C
19.4,89405.91,0.0007,C
19.42,89402.12,0.0004,C
19.44,89402.06,0.0012,C
19.46,89401.62,0.0013,C
19.48,89401.62,0.0011,C
19.5,89395.32,0.0011,C
19.52,89395.12,0.0013,C
19.54,89387.66,0.0019,C
19.56,89387.43,0.0011,C
19.58,89387.87,0.0049,C
19.6,89387.88,0.0001,C
19.62,89388.79,0.0012,C
19.64,89388.89,0.0029,C
19.66,89382.4,0.0014,C
19.68,89381.7,0.0033,C
19.7,89381.11,0.0027,C
19.72,89380.99,0.0025,C
19.74,89376.51,0.0041,C
19.76,89375.57,0.0033,C
19.78,89372.66,0.0028,C
19.8,89371.34,0.0028,C
19.82,89372.63,0.005,C
19.84,89373.21,0.0053,C
19.86,89369.28,0.0006,C
19.88,89364.29,0.002,C
19.9,89363.98,0.0047,C
19.92,89363.6,0.0025,C
19.94,89363.6,0.0058,C
19.96,89362.87,0.0033,C
19.98,89362.87,0.0051,C
20.0,89360.77,0.0032,C
20.02,89360.77,0.0059,C
20.04,89359.11,0.004,C
20.06,89359.11,0.0044,C
20.08,89356.53,0.0056,C
20.1,89356.52,0.0037,C
20.12,89358.36,0.0036,C
20.14,89358.37,0.0051,C
20.16,89356.74,0.0041,C
20.18,89356.72,0.0053,C
20.2,89355.92,0.003,C
20.22,89355.91,0.0049,C
20.24,89357.61,0.0056,C
20.26,89357.66,0.0069,C
20.28,89357.71,0.0079,C
20.3,89357.71,0.0049,F
20.32,89355.32,0.0046,F
20.34,89355.18,0.0042,F
20.36,89356.61,0.0068,F
20.38,89356.68,0.0046,F
20.4,89352.33,0.0055,F
20.42,89351.86,0.0064,F
20.44,89358.09,0.0066,F
20.46,89358.76,0.0053,F
20.48,89354.1,0.009,F
20.5,89353.11,0.0062,F
20.52,89359.72,0.0098,F
20.54,89361.13,0.0071,F
20.56,89361.45,0.0071,F
20.58,89361.59,0.0074,F
20.6,89360.91,0.0079,F
20.62,89360.6,0.0105,F
20.64,89359.17,0.0059,F
20.66,89357.35,0.006,F
20.68,89357.35,0.0068,F
20.7,89365.5,0.0056,F
20.72,89365.52,0.0073,F
20.74,89364.12,0.0074,F
20.76,89364.12,0.0066,F
20.78,89367.85,0.007,F
20.8,89367.86,0.0066,F
20.82,89366.42,0.0074,F
20.84,89366.41,0.0065,F
20.86,89372.96,0.0079,F
20.88,89373.02,0.0072,F
20.9,89371.81,0.0061,F
20.92,89371.81,0.0082,F
20.94,89376.48,0.0103,F
20.96,89376.56,0.0055,F
20.98,89379.19,0.0094,F
21.0,89379.27,0.0048,F
21.02,89380.79,0.0085,F
21.04,89380.88,0.0074,F
21.06,89381.48,0.0076,F
21.08,89381.51,0.0082,F
21.1,89385.81,0.0066,F
21.12,89386.27,0.0057,F
21.14,89389.07,0.0071,F
21.16,89389.67,0.007,F
21.18,89390.68,0.0057,F
21.2,89390.89,0.0057,F
21.22,89394.76,0.006,F
21.24,89396.53,0.0051,F
21.26,89400.77,0.0067,F
21.28,89402.7,0.0049,F
21.3,89406.38,0.0048,F
21.32,89411.05,0.0049,F
21.34,89410.02,0.0012,F
21.36,89408.7,0.0056,F
21.38,89408.7,0.0025,F
21.4,89414.15,0.0097,F
21.42,89414.15,0.0378,F
21.44,89419.4,0.0027,F
21.46,89419.4,0.0484,F
21.48,89425.5,3.3936,F
21.5,89425.53,12.3574,F
21.52,89442.63,0.2524,F
21.54,89442.72,-0.0915,F
21.56,89466.66,0.1859,F
21.58,89466.89,0.1309,F
21.6,89444.0,-0.271,F
21.62,89443.78,-0.0791,F
21.64,89447.9,-0.0052,F
21.66,89447.97,-0.0056,F
21.68,89448.52,-0.0466,F
21.7,89448.53,-0.0755,F
21.72,89456.93,-0.16,F
21.74,89457.2,-0.0857,F
21.76,89457.46,-0.0772,F
21.78,89457.46,-0.1784,F
21.8,89464.34,-0.2631,F
21.82,89464.74,-0.3072,F
21.84,89472.52,-0.4368,F
21.86,89473.36,-0.4989,F
21.88,89488.79,-0.4522,F
21.9,89490.47,-0.3898,F
21.92,89500.52,-0.3352,F
21.94,89502.66,-0.2825,F
21.96,89507.89,-0.3069,F
21.98,89509.0,-0.3385,F
22.0,89516.08,-0.3384,F
22.02,89519.3,-0.3103,F
22.04,89520.0,-0.309,F
22.06,89520.31,-0.3428,F
22.08,89524.98,-0.2924,F
22.1,89529.06,-0.2812,F
22.12,89530.93,-0.2584,F
22.14,89531.59,-0.1955,F
22.16,89531.59,-0.2809,F
22.18,89536.93,-0.2862,F
22.2,89536.93,-0.2926,F
22.22,89543.44,-0.2481,F
22.24,89543.48,-0.317,F
22.26,89551.3,-0.3505,F
22.28,89551.34,-0.3835,F
22.3,89559.32,-0.4457,F
22.32,89559.39,-0.4752,F
22.34,89574.24,-0.7751,F
22.36,89574.38,-0.8234,F
22.38,89585.32,-1.3912,F
22.4,89585.66,-2.113,F
22.42,89595.3,-3.1428,F
22.44,89595.6,-3.5134,F
22.46,89603.93,-2.2279,F
22.48,89604.41,-0.3804,F
22.5,89619.57,0.2287,F
22.52,89620.31,0.3733,F
22.54,89634.48,0.4522,F
22.56,89636.0,0.4068,F
22.58,89636.0,0.4845,F
22.6,89625.91,0.3684,F
22.62,89620.01,0.3501,F
22.64,89618.97,0.3885,F
22.66,89619.81,0.1834,F
22.68,89620.28,0.1151,F
22.7,89622.03,0.0728,F
22.72,89622.82,0.0865,F
22.74,89614.7,0.0477,F
22.76,89604.4,0.074,F
22.78,89580.99,0.1004,F
22.8,89567.9,0.1043,F
22.82,89551.23,0.1433,F
22.84,89540.97,0.2181,F
22.86,89540.88,0.2353,F
22.88,89549.66,0.2143,F
22.9,89549.68,0.2404,F
22.92,89555.97,0.2399,F
22.94,89556.0,0.2121,F
22.96,89575.56,0.2543,F
22.98,89575.65,0.1581,F
23.0,89596.06,0.1301,F
23.02,89598.28,0.0751,F
23.04,89623.91,0.0156,F
23.06,89624.29,0.0104,F
23.08,89634.42,-0.0149,F
23.1,89634.59,0.0292,F
23.12,89634.59,-0.0009,F
23.14,89639.91,0.0859,F
23.16,89621.72,0.1124,F
23.18,89620.66,0.1361,F
23.2,89618.94,0.1852,F
23.22,89618.81,0.2087,F
23.24,89636.89,0.2516,F
23.26,89638.85,0.3028,F
23.28,89639.65,0.3958,F
23.3,89639.81,0.3886,F
23.32,89639.81,0.4027,F
23.34,89654.97,0.4879,F
23.36,89673.41,0.5518,F
23.38,89681.81,0.6282,F
23.4,89681.83,0.6929,F
23.42,89694.96,0.7815,F
23.44,89694.96,0.8155,F
23.46,89721.98,0.8644,F
23.48,89733.69,0.982,F
23.5,89745.48,0.9919,F
23.52,89747.99,1.0564,F
23.54,89770.9,1.0399,F
23.56,89770.97,1.0438,F
23.58,89820.82,1.0993,F
23.6,89820.94,1.0869,F
23.62,89845.35,1.0654,F
23.64,89845.77,1.0733,F
23.66,89857.79,1.0777,F
23.68,89860.35,1.0668,F
23.7,89874.3,1.0438,F
23.72,89874.43,1.0225,F
23.74,89877.99,0.9633,F
23.76,89878.02,0.9592,F
23.78,89883.11,0.8992,F
23.8,89889.54,0.8093,F
23.82,89868.21,0.7653,F
23.84,89867.6,0.7115,F
23.86,89864.29,0.69,F
23.88,89863.6,0.6285,F
23.9,89863.6,0.6209,F
23.92,89859.67,0.6023,F
23.94,89831.71,0.4472,F
23.96,89830.13,0.4878,F
23.98,89828.91,0.3656,F
24.0,89828.67,0.3368,F
24.02,89828.67,0.3013,F
24.04,89826.54,0.2196,F
24.06,89823.48,0.1131,F
24.08,89822.94,0.0784,F
24.1,89836.24,0.0432,F
24.12,89853.3,0.044,F
24.14,89853.31,0.0203,F
24.16,89878.98,-0.0204,F
24.18,89878.99,0.0409,F
24.2,89908.44,-0.0007,F
24.22,89914.81,0.0005,F
24.24,89917.43,-0.0022,F
24.26,89920.75,0.025,F
24.28,89919.98,0.0994,F
24.3,89919.98,0.088,F
24.32,89933.2,0.0991,F
24.34,89934.64,-0.0263,F
24.36,89959.8,0.1655,F
24.38,89959.93,0.2262,F
24.4,89970.6,0.2308,F
24.42,89970.7,0.1878,F
24.44,89985.1,0.2076,F
24.46,89991.67,0.2058,F
24.48,90012.88,0.2034,F
24.5,90013.05,0.171,F
24.52,90013.46,0.2456,F
24.54,90013.47,0.3152,F
24.56,90023.36,0.3201,F
24.58,90035.96,0.4018,F
24.6,90035.96,0.4018,F
24.62,90087.27,0.4864,F
24.64,90126.15,0.5712,F
24.66,90130.36,0.5825,F
24.68,90130.36,0.5619,F
24.7,90148.21,0.5997,F
24.72,90150.88,0.5692,F
24.74,90151.15,0.6181,F
24.76,90171.66,0.6544,F
24.78,90176.02,0.5562,F
24.8,90176.02,0.5955,F
24.82,90215.0,0.4999,F
24.84,90235.58,0.6781,F
24.86,90239.83,0.6353,F
24.88,90241.97,0.6039,F
24.9,90244.53,0.5509,F
24.92,90244.53,0.4957,F
24.94,90242.27,0.207,F
24.96,90236.88,0.0984,F
24.98,90230.7,0.0779,F
25.0,90221.84,-0.3994,F
25.02,90221.84,-0.3994,F
25.04,90211.41,-0.4635,F
25.06,90222.64,-0.1709,F
25.08,90222.66,-0.1366,F
25.1,90199.11,-0.0254,F
25.12,90196.54,0.0467,F
25.14,90188.01,0.113,F
25.16,90187.97,0.1263,F
25.18,90187.97,0.1263,F
25.2,90212.37,0.2531,F
25.22,90226.81,0.2014,F
25.24,90245.18,0.2098,F
25.26,90267.12,0.2485,F
25.28,90277.13,0.2528,F
25.3,90277.14,0.1491,F
25.32,90303.55,-0.0296,F
25.34,90303.56,0.0137,F
25.36,90313.39,-0.0771,F
25.38,90310.1,-0.0569,F
25.4,90309.06,-0.0902,F
25.42,90319.38,-0.2299,F
25.44,90333.03,-0.2356,F
25.46,90343.5,-0.1079,F
25.48,90356.51,-0.1928,F
25.5,90364.39,-0.177,F
25.52,90374.12,-0.1389,F
25.54,90374.14,-0.1786,F
25.56,90402.1,-0.1792,F
25.58,90402.14,-0.1737,F
25.6,90427.85,-0.2246,F
25.62,90427.92,-0.0908,F
25.64,90458.23,-0.0145,F
25.66,90458.32,0.0243,F
25.68,90478.38,0.0449,F
25.7,90478.45,0.0505,F
25.72,90493.5,0.1344,F
25.74,90493.57,0.1885,F
25.76,90518.75,0.2426,F
25.78,90518.99,0.2833,F
25.8,90529.1,0.3189,F
25.82,90529.19,0.4066,F
25.84,90520.44,0.383,F
25.86,90520.29,0.3817,F
25.88,90510.63,0.3653,F
25.9,90510.34,0.3319,F
25.92,90488.75,0.338,F
25.94,90488.07,0.3396,F
25.96,90461.66,0.2796,F
25.98,90460.82,0.3131,F
26.0,90455.66,0.2896,F
26.02,90455.5,0.3262,F
26.04,90437.9,0.333,F
26.06,90436.87,0.3024,F
26.08,90449.3,0.2217,F
26.1,90450.02,0.1791,F
26.12,90459.31,0.2202,F
26.14,90460.32,0.1002,F
26.16,90467.96,0.1071,F
26.18,90468.79,0.0286,F
26.2,90492.26,0.0548,F
26.22,90494.82,0.0761,F
26.24,90517.63,0.0472,F
26.26,90520.11,0.0963,F
26.28,90529.3,0.1715,F
26.3,90531.24,0.2962,F
26.32,90534.92,0.3503,F
26.34,90536.59,0.4068,F
26.36,90548.72,0.5017,F
26.38,90554.25,0.5983,F
26.4,90562.08,0.6903,F
26.42,90571.99,0.7655,F
26.44,90584.42,0.842,F
26.46,90600.17,0.9426,F
26.48,90600.21,0.9838,F
26.5,90614.33,0.9516,F
26.52,90626.75,0.9631,F
26.54,90642.48,0.9793,F
26.56,90642.52,0.9762,F
26.58,90662.19,1.0209,F
26.6,90662.25,0.985,F
26.62,90697.81,0.9743,F
26.64,90697.92,0.9762,F
26.66,90705.5,0.9602,F
26.68,90705.54,0.9747,F
26.7,90729.27,1.0437,F
26.72,90729.39,1.1088,F
26.74,90724.46,1.1021,F
26.76,90724.42,1.122,F
26.78,90720.76,1.1494,F
26.8,90720.73,1.1607,F
26.82,90719.7,1.1665,F
26.84,90719.68,1.2975,F
26.86,90718.86,1.047,F
26.88,90718.85,0.9614,F
26.9,90721.25,0.9426,F
26.92,90721.28,0.8806,F
26.94,90716.35,0.7441,F
26.96,90716.19,0.5781,F
26.98,90715.88,0.475,F
27.0,90715.88,0.4562,F
27.02,90732.41,0.4378,F
27.04,90733.37,0.4014,F
27.06,90787.45,0.4278,F
27.08,90790.59,0.3221,F
27.1,90829.65,0.3042,F
27.12,90833.9,0.3305,F
27.14,90855.4,0.3423,F
27.16,90857.73,0.2242,F
27.18,90866.47,0.1555,F
27.2,90868.33,0.2224,F
27.22,90880.39,0.181,F
27.24,90882.95,0.1168,F
27.26,90889.21,0.2088,F
27.28,90892.06,0.0454,F
27.3,90912.17,0.0973,F
27.32,90921.34,0.0673,F
27.34,90930.78,-0.037,F
27.36,90942.74,-0.1515,F
27.38,90950.54,-0.0665,F
27.4,90960.39,-0.2712,F
27.42,90960.42,-0.3202,F
27.44,90940.71,-0.392,F
27.46,90940.66,-0.4801,F
27.48,90956.03,-0.4366,F
27.5,90956.07,-0.4625,F
27.52,90974.31,-0.4507,F
27.54,90974.36,-0.4999,F
27.56,91000.32,-0.4574,F
27.58,91000.46,-0.4881,F
27.6,91023.68,-0.4857,F
27.62,91023.8,-0.468,F
27.64,91052.75,-0.4327,F
27.66,91053.02,-0.4556,F
27.68,91067.13,-0.411,F
27.7,91067.25,-0.409,F
27.72,91096.75,-0.3999,F
27.74,91097.26,-0.3851,F
27.76,91109.98,-0.4108,F
27.78,91110.2,-0.3792,F
27.8,91111.55,-0.387,F
27.82,91111.59,-0.3938,F
27.84,91134.0,-0.405,F
27.86,91134.71,-0.379,F
27.88,91145.0,-0.4527,F
27.9,91145.6,-0.4787,F
27.92,91155.07,-0.4297,F
27.94,91155.61,-0.4895,F
27.96,91175.31,-0.5756,F
27.98,91177.46,-0.559,F
28.0,91196.5,-0.5458,F
28.02,91198.58,-0.4892,F
28.04,91202.65,-0.5745,F
28.06,91203.51,-0.6969,F
28.08,91219.7,-0.6076,F
28.1,91227.08,-0.5132,F
28.12,91228.97,-0.56,F
28.14,91229.83,-0.7249,F
28.16,91222.55,-0.7851,F
28.18,91213.31,-0.5895,F
28.2,91213.69,-0.5606,F
28.22,91214.2,-0.6147,F
28.24,91214.2,-0.6069,F
28.26,91226.92,-0.637,F
28.28,91226.95,-0.5339,F
28.3,91216.49,-0.6214,F
28.32,91216.46,-0.6407,F
28.34,91233.09,-0.5588,F
28.36,91233.17,-0.6109,F
28.38,91245.61,-0.6415,F
28.4,91245.67,-0.6784,F
28.42,91263.54,-0.7752,F
28.44,91263.71,-0.7189,F
28.46,91267.18,-0.6247,F
28.48,91267.21,-0.748,F
28.5,91296.55,-0.7399,F
28.52,91297.06,-0.6728,F
28.54,91317.63,-0.6558,F
28.56,91317.99,-0.5789,F
28.58,91349.89,-0.6382,F
28.6,91350.9,-0.5622,F
28.62,91376.65,-0.5369,F
28.64,91378.14,-0.5619,F
28.66,91421.1,-0.602,F
28.68,91423.6,-0.5804,F
28.7,91448.74,-0.6456,F
28.72,91451.48,-0.61,F
28.74,91470.48,-0.6179,F
28.76,91472.55,-0.647,F
28.78,91487.61,-0.7,F
28.8,91490.81,-0.7468,F
28.82,91509.62,-0.7562,F
28.84,91513.61,-0.846,F
28.86,91525.15,-0.7513,F
28.88,91530.41,-0.7083,F
28.9,91547.49,-0.6669,F
28.92,91551.11,-0.6377,F
28.94,91559.2,-0.6048,F
28.96,91562.88,-0.6478,F
28.98,91571.8,-0.6647,F
29.0,91575.87,-0.6592,F
29.02,91584.45,-0.6983,F
29.04,91595.35,-0.8622,F
29.06,91600.2,-0.628,F
29.08,91606.3,-0.6316,F
29.1,91606.32,-0.5368,F
29.12,91617.61,-0.4942,F
29.14,91617.65,-0.4903,F
29.16,91631.33,-0.5006,F
29.18,91631.37,-0.4955,F
29.2,91632.0,-0.5269,F
29.22,91632.0,-0.5196,F
29.24,91636.82,-0.619,F
29.26,91636.86,-0.7107,F
29.28,91643.03,-0.7302,F
29.3,91643.08,-0.8167,F
29.32,91652.11,-0.733,F
29.34,91652.26,-0.6636,F
29.36,91664.65,-0.5786,F
29.38,91664.86,-0.5304,F
29.4,91655.64,-0.5187,F
29.42,91655.35,-0.4968,F
29.44,91648.68,-0.452,F
29.46,91648.47,-0.4651,F
29.48,91658.31,-0.4791,F
29.5,91658.88,-0.3966,F
29.52,91648.23,-0.3974,F
29.54,91647.61,-0.3906,F
29.56,91632.2,-0.3485,F
29.58,91630.52,-0.4004,F
29.6,91621.03,-0.3433,F
29.62,91620.0,-0.2939,F
29.64,91615.23,-0.0094,F
29.66,91614.22,0.212,F
29.68,91643.61,0.5006,F
29.7,91649.86,0.7156,F
29.72,91650.73,0.8445,F
29.74,91651.12,1.0403,F
29.76,91657.71,1.138,F
29.78,91660.71,1.2558,F
29.8,91666.35,1.3818,F
29.82,91673.52,1.5031,F
29.84,91676.18,1.7618,F
29.86,91679.55,1.8186,F
29.88,91679.56,1.934,F
29.9,91692.61,2.0059,F
29.92,91692.65,1.892,F
29.94,91714.67,1.806,F
29.96,91714.79,1.7584,F
29.98,91758.33,1.7525,F
30.0,91758.56,1.6734,F
30.02,91783.3,1.6002,F
30.04,91783.54,1.4944,F
30.06,91823.27,1.4006,F
30.08,91823.65,1.2697,F
30.1,91825.05,1.1009,F
30.12,91825.07,1.0656,F
30.14,91800.1,0.8854,F
30.16,91799.66,0.743,F
30.18,91798.19,0.609,F
30.2,91798.15,0.6538,F
30.22,91817.57,0.6585,F
30.24,91818.18,0.5923,F
30.26,91831.27,0.5288,F
30.28,91832.03,0.4902,F
30.3,91848.92,0.4398,F
30.32,91849.9,0.3973,F
30.34,91871.23,0.3627,F
30.36,91873.55,0.3905,F
30.38,91885.07,0.3357,F
30.4,91886.32,0.2975,F
30.42,91885.96,0.3143,F
30.44,91885.89,0.2828,F
30.46,91930.88,0.2712,F
30.48,91940.45,0.3021,F
30.5,91968.96,0.2797,F
30.52,91981.94,0.2533,F
30.54,91993.46,0.22,F
30.56,92008.04,0.204,F
30.58,92016.12,0.2035,F
30.6,92026.34,0.2644,F
30.62,92026.36,0.3258,F
30.64,92040.24,0.3802,F
30.66,92040.28,0.4391,F
30.68,92082.56,0.513,F
30.7,92082.68,0.572,F
30.72,92079.87,0.6557,F
30.74,92079.86,0.7027,F
30.76,92081.65,0.6226,F
30.78,92081.66,0.6703,F
30.8,92068.85,0.6125,F
30.82,92068.73,0.5148,F
30.84,92079.14,0.5037,F
30.86,92079.24,0.3307,F
30.88,92060.77,0.2599,F
30.9,92060.46,0.164,F
30.92,92074.65,0.081,F
30.94,92074.9,0.0007,F
30.96,92069.39,-0.1507,F
30.98,92069.22,-0.1802,F
31.0,92092.4,-0.1829,F
31.02,92093.13,-0.2627,F
31.04,92117.91,-0.3301,F
31.06,92119.35,-0.389,F
31.08,92138.96,-0.4105,F
31.1,92140.11,-0.4522,F
31.12,92149.4,-0.3758,F
31.14,92150.41,-0.2498,F
31.16,92179.32,-0.3088,F
31.18,92185.46,-0.2508,F
31.2,92206.93,-0.2145,F
31.22,92211.49,-0.1412,F
31.24,92245.34,-0.1805,F
31.26,92260.77,-0.1229,F
31.28,92279.9,-0.0226,F
31.3,92288.6,0.0312,F
31.32,92302.17,0.0583,F
31.34,92319.38,0.0735,F
31.36,92319.92,0.1225,F
31.38,92320.55,0.1422,F
31.4,92320.55,0.2041,F
31.42,92345.36,0.3112,F
31.44,92345.43,0.4285,F
31.46,92378.31,0.4459,F
31.48,92378.41,0.569,F
31.5,92424.92,0.6236,F
31.52,92425.16,0.6972,F
31.54,92452.41,0.7877,F
31.56,92452.56,0.8215,F
31.58,92459.28,0.8715,F
31.6,92459.34,0.8525,F
31.62,92463.8,0.9404,F
31.64,92463.84,0.948,F
31.66,92465.78,0.9962,F
31.68,92465.81,1.0257,F
31.7,92446.22,0.9195,F
31.72,92445.88,0.944,F
31.74,92405.37,0.8907,F
31.76,92404.08,0.8306,F
31.78,92368.3,0.7704,F
31.8,92367.17,0.92,F
31.82,92333.86,0.5901,F
31.84,92331.92,0.454,F
31.86,92352.22,0.3371,F
31.88,92354.44,0.1459,F
31.9,92376.37,0.0705,F
31.92,92378.75,0.0138,F
31.94,92413.01,-0.0451,F
31.96,92420.29,-0.0961,F
31.98,92418.76,-0.1065,F
32.0,92418.44,-0.1095,F
32.02,92407.56,-0.0804,F
32.04,92402.6,-0.062,F
32.06,92397.64,-0.0708,F
32.08,92395.39,0.0015,F
32.1,92399.48,0.0368,F
32.12,92404.68,0.0598,F
32.14,92407.05,0.1314,F
32.16,92410.05,0.1541,F
32.18,92410.05,0.2376,F
32.2,92455.21,0.2801,F
32.22,92455.34,0.2782,F
32.24,92491.93,0.3896,F
32.26,92492.03,0.5055,F
32.28,92536.11,0.5973,F
32.3,92536.35,0.6845,F
32.32,92563.26,0.7518,F
32.34,92563.4,0.7768,F
32.36,92591.79,0.8278,F
32.38,92592.06,0.8438,F
32.4,92646.05,0.8796,F
32.42,92646.58,0.8188,F
32.44,92711.98,0.8945,F
32.46,92713.13,0.7954,F
32.48,92737.73,0.6623,F
32.5,92738.15,0.713,F
32.52,92764.66,0.5568,F
32.54,92765.5,0.5422,F
32.56,92790.6,0.3742,F
32.58,92792.06,0.3708,F
32.6,92818.69,0.2626,F
32.62,92820.23,0.3132,F
32.64,92839.28,0.1102,F
32.66,92841.35,-0.0286,F
32.68,92856.04,-0.0502,F
32.7,92857.64,-0.1856,F
32.72,92860.4,-0.2213,F
32.74,92860.98,-0.2646,F
32.76,92866.3,-0.3213,F
32.78,92867.43,-0.3863,F
32.8,92873.16,-0.4299,F
32.82,92875.78,-0.473,F
32.84,92881.77,-0.456,F
32.86,92884.52,-0.435,F
32.88,92886.66,-0.4116,F
32.9,92889.37,-0.3801,F
32.92,92888.0,-0.3643,F
32.94,92886.26,-0.3181,F
32.96,92886.26,-0.2864,F
32.98,92893.32,-0.1958,F
33.0,92893.33,-0.2657,F
33.02,92893.35,-0.2172,F
33.04,92893.35,-0.1858,F
33.06,92896.59,-0.2226,F
33.08,92896.6,-0.2667,F
33.1,92912.56,-0.2876,F
33.12,92912.64,-0.2805,F
33.14,92902.33,-0.2827,F
33.16,92902.23,-0.2477,F
33.18,92896.25,-0.3833,F
33.2,92896.2,-0.4105,F
33.22,92895.78,-0.4933,F
33.24,92895.78,-0.4418,F
33.26,92890.1,-0.477,F
33.28,92889.92,-0.4258,F
33.3,92899.31,-0.3992,F
33.32,92899.6,-0.3265,F
33.34,92912.99,-0.2376,F
33.36,92913.76,-0.1877,F
33.38,92940.09,-0.1901,F
33.4,92941.62,-0.0976,F
33.42,92955.82,-0.0801,F
33.44,92957.37,-0.0912,F
33.46,92976.41,-0.072,F
33.48,92978.49,0.0068,F
33.5,92993.2,-0.1298,F
33.52,92996.33,-0.0333,F
33.54,93018.27,0.0005,F
33.56,93022.94,0.1113,F
33.58,93041.13,0.0741,F
33.6,93049.41,0.1353,F
33.62,93067.52,0.1451,F
33.64,93075.76,-0.0466,F
33.66,93089.03,-0.0712,F
33.68,93105.86,0.036,F
33.7,93118.75,0.0505,F
33.72,93135.06,0.0899,F
33.74,93135.1,0.0689,F
33.76,93168.77,0.0521,F
33.78,93168.87,0.0648,F
33.8,93196.48,0.1032,F
33.82,93196.62,0.0327,F
33.84,93202.08,-0.0762,F
33.86,93202.09,-0.1729,F
33.88,93211.65,-0.2679,F
33.9,93211.74,-0.4079,F
33.92,93222.04,-0.63,F
33.94,93222.14,-0.6264,F
33.96,93237.43,-0.7017,F
33.98,93237.69,-0.8811,F
34.0,93259.77,-0.693,F
34.02,93260.15,-0.6936,F
34.04,93278.94,-0.7911,F
34.06,93279.53,-0.7651,F
34.08,93307.43,-0.8764,F
34.1,93308.32,-0.9729,F
34.12,93329.71,-0.6264,F
34.14,93330.95,-0.5416,F
34.16,93344.45,-0.384,F
34.18,93345.23,-0.475,F
34.2,93367.76,-0.3701,F
34.22,93370.21,-0.3713,F
34.24,93379.55,-0.4782,F
34.26,93380.56,-0.548,F
34.28,93387.41,-0.5869,F
34.3,93388.86,-0.719,F
34.32,93394.34,-0.7055,F
34.34,93395.5,-0.7832,F
34.36,93402.17,-0.8536,F
34.38,93405.22,-0.8667,F
34.4,93409.05,-0.8088,F
34.42,93413.9,-0.6608,F
34.44,93413.29,-0.6193,F
34.46,93412.51,-0.5875,F
34.48,93412.51,-0.5651,F
34.5,93426.13,-0.508,F
34.52,93426.17,-0.3778,F
34.54,93434.08,-0.3112,F
34.56,93434.1,-0.2263,F
34.58,93443.91,-0.188,F
34.6,93443.96,-0.1552,F
34.62,93459.58,-0.0781,F
34.64,93459.66,0.0176,F
34.66,93482.03,-0.0987,F
34.68,93482.24,-0.1254,F
34.7,93502.66,0.0322,F
34.72,93502.85,-0.1359,F
34.74,93520.23,-0.2053,F
34.76,93520.53,-0.2486,F
34.78,93552.03,-0.2001,F
34.8,93552.58,-0.1942,F
34.82,93576.7,-0.0941,F
34.84,93577.46,-0.1427,F
34.86,93601.59,-0.064,F
34.88,93603.0,0.0053,F
34.9,93616.71,0.1238,F
34.92,93617.5,0.0757,F
34.94,93628.29,0.2042,F
34.96,93629.46,0.1695,F
34.98,93628.7,0.2446,F
35.0,93628.62,0.2988,F
35.02,93624.87,0.3221,F
35.04,93624.08,0.3173,F
35.06,93608.68,0.1821,F
35.08,93605.41,0.1246,F
35.1,93577.84,-0.0163,F
35.12,93565.27,-0.2174,F
35.14,93549.6,-0.4067,F
35.16,93542.47,-0.3534,F
35.18,93546.07,-0.1814,F
35.2,93550.65,-0.1465,F
35.22,93568.96,-0.0501,F
35.24,93592.19,-0.0653,F
35.26,93592.25,0.0945,F
35.28,93639.75,0.2051,F
35.3,93639.89,0.4093,F
35.32,93693.51,0.624,F
35.34,93693.79,0.7864,F
35.36,93724.69,0.9396,F
35.38,93724.85,1.2121,F
35.4,93732.01,1.3145,F
35.42,93732.07,1.4218,F
35.44,93736.63,1.3635,F
35.46,93736.66,1.5674,F
35.48,93765.05,1.6329,F
35.5,93765.55,1.8231,F
35.52,93778.77,1.6918,F
35.54,93779.0,1.6387,F
35.56,93763.82,1.4259,F
35.58,93763.34,1.0313,F
35.6,93752.33,0.8877,F
35.62,93751.98,0.9073,F
35.64,93768.91,0.743,F
35.66,93769.89,0.6365,F
35.68,93780.85,0.4379,F
35.7,93781.49,0.1699,F
35.72,93755.69,-0.1711,F
35.74,93752.89,-0.4445,F
35.76,93740.37,-0.4886,F
35.78,93739.02,-0.6474,F
35.8,93727.42,-0.7284,F
35.82,93724.96,-0.3013,F
35.84,93726.88,-0.4872,F
35.86,93727.75,-0.4284,F
35.88,93760.98,-0.2702,F
35.9,93776.13,-0.0409,F
35.92,93793.99,0.1044,F
35.94,93816.63,0.1058,F
35.96,93841.47,0.0818,F
35.98,93872.92,0.0928,F
36.0,93873.02,0.1698,F
36.02,93878.79,0.0243,F
36.04,93878.8,0.0629,F
36.06,93915.86,0.0793,F
36.08,93915.96,0.0999,F
36.1,93957.58,0.1471,F
36.12,93957.81,0.1459,F
36.14,93984.62,0.2619,F
36.16,93984.76,0.0922,F
36.18,93983.89,0.203,F
36.2,93983.89,0.2273,F
36.22,94030.51,0.3045,F
36.24,94030.95,0.3014,F
36.26,94062.41,0.3763,F
36.28,94062.96,0.4551,F
36.3,94115.29,0.4521,F
36.32,94116.2,0.5397,F
36.34,94142.8,0.6936,F
36.36,94143.65,0.7753,F
36.38,94165.89,0.9352,F
36.4,94167.18,1.0406,F
36.42,94167.49,1.1193,F
36.44,94167.5,1.0847,F
36.46,94165.05,1.1737,F
36.48,94164.53,1.1547,F
36.5,94147.0,1.0068,F
36.52,94143.27,0.902,F
36.54,94123.94,0.827,F
36.56,94119.85,0.8707,F
36.58,94078.76,0.7251,F
36.6,94060.05,0.7028,F
36.62,94038.59,0.6149,F
36.64,94011.41,0.537,F
36.66,94012.27,0.3696,F
36.68,94013.47,0.4069,F
36.7,94013.47,0.269,F
36.72,94040.35,0.2226,F
36.74,94040.42,0.1039,F
36.76,94081.85,0.0707,F
36.78,94081.98,-0.1899,F
36.8,94145.75,0.071,F
36.82,94146.09,0.0706,F
36.84,94145.51,0.2562,F
36.86,94145.51,0.3689,F
36.88,94132.76,0.3541,F
36.9,94132.65,0.4125,F
36.92,94168.77,0.4288,F
36.94,94169.4,0.4801,F
36.96,94209.16,0.4995,F
36.98,94209.86,0.5215,F
37.0,94261.89,0.5752,F
37.02,94263.54,0.7458,F
37.04,94256.24,0.57,F
37.06,94256.01,0.6085,F
37.08,94271.6,0.6668,F
37.1,94272.5,0.5789,F
37.12,94327.5,0.5933,F
37.14,94330.7,0.5879,F
37.16,94356.4,0.6101,F
37.18,94359.2,0.6825,F
37.2,94359.6,0.5871,F
37.22,94359.64,0.5856,F
37.24,94369.0,0.5243,F
37.26,94370.99,0.4738,F
37.28,94368.16,0.4548,F
37.3,94367.56,0.4147,F
37.32,94387.81,0.4112,F
37.34,94397.05,0.5046,F
37.36,94424.33,0.5032,F
37.38,94436.76,0.2631,F
37.4,94453.77,0.3924,F
37.42,94475.32,0.3771,F
37.44,94485.66,0.474,F
37.46,94498.71,0.5197,F
37.48,94498.75,0.589,F
37.5,94490.38,0.559,F
37.52,94490.36,0.6278,F
37.54,94473.04,0.6402,F
37.56,94472.96,0.6355,F
37.58,94470.35,0.6622,F
37.6,94470.34,0.6114,F
37.62,94474.91,0.597,F
37.64,94474.95,0.6819,F
37.66,94438.9,0.7113,F
37.68,94438.56,0.6507,F
37.7,94441.36,-0.2429,F
37.72,94441.4,0.5388,F
37.74,94454.19,0.3844,F
37.76,94454.41,0.4018,F
37.78,94501.69,0.2096,F
37.8,94503.19,0.2073,F
37.82,94526.45,0.158,F
37.84,94527.8,0.092,F
37.86,94535.33,0.0946,F
37.88,94536.15,0.0597,F
37.9,94533.38,0.0481,F
37.92,94533.09,0.0634,F
37.94,94533.09,0.0651,F
37.96,94536.08,0.0737,F
37.98,94542.4,-0.0144,F
38.0,94543.74,0.0368,F
38.02,94556.31,0.0991,F
38.04,94562.04,0.1519,F
38.06,94567.55,0.1504,F
38.08,94570.06,0.1748,F
38.1,94583.11,0.2121,F
38.12,94599.68,0.2355,F
38.14,94599.73,0.1808,F
38.16,94644.81,0.2046,F
38.18,94644.94,0.2189,F
38.2,94680.0,0.1649,F
38.22,94680.04,0.1807,F
38.24,94715.43,0.1089,F
38.26,94715.62,-0.0303,F
38.28,94733.13,0.1775,F
38.3,94733.22,0.3329,F
38.32,94744.56,0.4373,F
38.34,94746.97,0.6719,F
38.36,94766.31,0.7895,F
38.38,94766.5,0.9028,F
38.4,94787.04,0.9325,F
38.42,94787.39,0.9822,F
38.44,94805.76,1.0118,F
38.46,94806.07,1.0834,F
38.48,94806.07,1.0895,F
38.5,94816.03,1.0369,F
38.52,94803.22,1.0161,F
38.54,94802.81,1.0119,F
38.56,94798.43,0.9661,F
38.58,94798.18,0.9674,F
38.6,94803.64,0.8796,F
38.62,94803.95,0.7958,F
38.64,94803.95,0.7462,F
38.66,94801.37,0.6193,F
38.68,94800.16,0.5498,F
38.7,94798.61,0.4229,F
38.72,94813.64,0.2323,F
38.74,94816.67,0.2823,F
38.76,94815.42,0.1783,F
38.78,94814.78,0.1125,F
38.8,94818.73,0.1041,F
38.82,94823.74,0.0115,F
38.84,94823.75,0.0257,F
38.86,94815.94,-0.0859,F
38.88,94815.92,-0.1028,F
38.9,94801.1,-0.2043,F
38.92,94799.49,-0.1496,F
38.94,94794.02,-0.1453,F
38.96,94794.01,-0.153,F
38.98,94790.08,-0.0344,F
39.0,94790.05,0.0591,F
39.02,94811.76,0.1149,F
39.04,94816.38,0.2974,F
39.06,94840.1,0.4767,F
39.08,94840.29,0.5277,F
39.1,94879.9,0.8082,F
39.12,94880.58,0.9434,F
39.14,94895.78,1.0445,F
39.16,94902.73,1.2195,F
39.18,94902.73,1.2321,F
39.2,94933.04,1.3585,F
39.22,94970.28,1.4797,F
39.24,94971.45,1.5319,F
39.26,94971.45,1.5529,F
39.28,95039.0,1.6935,F
39.3,95101.46,1.8111,F
39.32,95107.9,1.9356,F
39.34,95133.33,2.2445,F
39.36,95136.05,2.3352,F
39.38,95136.05,2.3432,F
39.4,95128.89,2.3872,F
39.42,95135.77,2.3249,F
39.44,95137.15,2.2795,F
39.46,95144.96,2.2043,F
39.48,95154.79,2.0871,F
39.5,95154.8,2.0509,F
39.52,95145.03,1.5169,F
39.54,95135.47,1.452,F
39.56,95123.99,1.4328,F
39.58,95114.29,0.8189,F
39.6,95106.41,0.9178,F
39.62,95102.81,0.6579,F
39.64,95099.26,0.5313,F
39.66,95099.25,0.4349,F
39.68,95108.51,0.41,F
39.7,95109.52,0.3491,F
39.72,95148.64,0.3322,F
39.74,95148.84,0.3878,F
39.76,95178.94,0.3069,F
39.78,95179.1,0.2695,F
39.8,95190.41,0.2895,F
39.82,95191.06,0.2794,F
39.84,95179.07,0.0963,F
39.86,95178.96,0.0377,F
39.88,95196.8,-0.1632,F
39.9,95197.36,-0.0506,F
39.92,95197.36,0.025,F
39.94,95177.86,0.0984,F
39.96,95177.86,0.0984,F
39.98,95204.64,0.0711,F
40.0,95215.14,0.013,F
40.02,95215.41,0.0713,F
40.04,95249.62,0.0503,F
40.06,95256.83,0.1073,F
40.08,95256.83,0.0746,F
40.1,95271.89,0.0964,F
40.12,95271.89,0.0599,F
40.14,95290.49,0.1384,F
40.16,95315.58,0.1397,F
40.18,95317.93,0.1605,F
40.2,95335.77,0.1568,F
40.22,95354.67,0.0697,F
40.24,95354.68,0.0868,F
40.26,95377.48,0.1005,F
40.28,95388.67,0.0347,F
40.3,95390.87,0.0305,F
40.32,95393.67,-0.0244,F
40.34,95414.05,0.0076,F
40.36,95414.07,0.0265,F
40.38,95433.77,-0.0746,F
40.4,95433.95,-0.0645,F
40.42,95455.17,-0.0518,F
40.44,95459.69,-0.0295,F
40.46,95472.11,-0.0262,F
40.48,95472.14,-0.021,F
40.5,95496.62,0.067,F
40.52,95498.04,0.1809,F
40.54,95510.22,0.2073,F
40.56,95525.73,0.2665,F
40.58,95525.73,0.2614,F
40.6,95540.74,0.2921,F
40.62,95544.46,0.3693,F
40.64,95544.52,0.3719,F
40.66,95538.75,0.4038,F
40.68,95538.65,0.3969,F
40.7,95531.45,0.4231,F
40.72,95529.91,0.4044,F
40.74,95524.4,0.3729,F
40.76,95517.39,0.5382,F
40.78,95500.89,0.4632,F
40.8,95499.93,0.5502,F
40.82,95486.38,0.5632,F
40.84,95485.61,0.5034,F
40.86,95465.83,0.3551,F
40.88,95463.79,0.3301,F
40.9,95477.45,0.4098,F
40.92,95478.95,0.3727,F
40.94,95500.11,0.331,F
40.96,95527.03,0.2185,F
40.98,95553.89,0.1939,F
41.0,95559.3,0.1431,F
41.02,95571.73,0.1054,F
41.04,95577.25,0.0732,F
41.06,95577.26,0.0741,F
41.08,95561.05,0.0922,F
41.1,95565.73,0.103,F
41.12,95571.69,0.13,F
41.14,95571.7,0.2031,F
41.16,95589.96,0.1985,F
41.18,95590.01,0.2526,F
41.2,95601.45,0.3237,F
41.22,95601.48,0.3231,F
41.24,95624.07,0.3682,F
41.26,95624.19,0.3828,F
41.28,95631.99,0.4431,F
41.3,95632.03,0.4367,F
41.32,95660.1,0.4732,F
41.34,95660.37,0.5182,F
41.36,95690.94,0.4766,F
41.38,95691.23,0.4942,F
41.4,95737.71,0.4983,F
41.42,95738.52,0.4886,F
41.44,95780.2,0.4984,F
41.46,95780.93,0.468,F
