t_ms,basinc_pa,sicaklik_c,ax_g,ay_g,az_g,durum
0,101248,22.97,0.01,-0.01,0.98,0
40,101245,23.01,-0.00,0.01,1.00,0
80,101251,23.02,-0.00,0.01,0.99,0
120,101250,23.05,0.00,-0.01,1.01,0
160,101253,23.00,-0.01,0.01,1.01,0
200,101246,23.00,0.00,0.01,0.99,0
240,101248,23.01,-0.00,0.01,0.98,0
280,101248,22.98,-0.00,-0.01,0.97,0
320,101249,22.87,-0.00,-0.00,0.99,0
360,101248,23.08,0.03,0.01,0.99,0
400,101249,23.03,-0.01,0.01,1.00,0
440,101250,23.04,0.01,-0.00,1.01,0
480,101253,22.97,0.01,0.01,0.99,0
520,101247,22.90,-0.01,0.02,1.00,0
560,101252,22.95,-0.00,0.01,1.01,0
600,101250,23.08,0.00,0.00,1.00,0
640,101252,22.99,0.00,-0.02,1.02,0
680,101249,23.01,-0.01,-0.01,0.99,0
720,101250,23.00,-0.01,-0.01,1.01,0
760,101255,22.95,-0.01,0.00,0.99,0
800,101252,23.00,-0.01,0.00,1.01,0
840,101245,23.08,0.01,-0.00,1.00,0
880,101249,22.95,0.01,-0.00,0.99,0
920,101252,22.95,0.01,-0.01,1.02,0
960,101246,22.97,0.00,0.01,1.01,0
1000,101250,23.04,-0.02,-0.00,0.99,0
1040,101250,23.06,0.00,-0.02,0.98,0
1080,101253,22.99,-0.01,0.00,1.02,0
1120,101250,23.01,0.01,-0.01,1.00,0
1160,101254,23.03,-0.01,-0.02,1.02,0
1200,101252,22.96,-0.00,0.00,1.02,0
1240,101248,22.94,0.00,0.01,1.03,0
1280,101247,22.94,0.01,-0.01,1.01,0
1320,101245,23.05,0.02,0.01,0.99,0
1360,101255,23.01,0.03,0.01,1.00,0
1400,101252,23.04,0.02,-0.00,0.98,0
1440,101251,23.02,0.00,-0.01,1.01,0
1480,101255,23.00,-0.01,-0.01,1.03,0
1520,101250,23.04,-0.03,-0.00,1.03,0
1560,101256,22.98,0.01,0.00,1.00,0
1600,101256,22.98,0.01,0.01,1.00,0
1640,101245,23.04,0.01,-0.01,0.99,0
1680,101255,23.03,0.01,0.01,0.98,0
1720,101248,23.03,-0.00,-0.03,1.00,0
1760,101246,23.03,-0.00,0.01,0.99,0
1800,101251,23.06,0.00,0.00,1.02,0
1840,101247,22.99,-0.01,0.00,0.98,0
1880,101248,23.09,-0.00,-0.00,0.99,0
1920,101254,23.10,-0.01,-0.02,1.03,0
1960,101248,22.99,0.00,0.00,1.01,0
2000,101248,23.06,-0.01,-0.01,0.99,0
2040,101243,22.95,0.01,0.01,1.01,0
2080,101248,23.03,0.01,-0.01,0.99,0
2120,101250,22.94,-0.01,-0.01,1.02,0
2160,101255,23.05,0.00,0.00,0.99,0
2200,101252,22.93,-0.00,0.01,1.01,0
2240,101250,23.02,-0.00,-0.01,0.98,0
2280,101252,23.06,0.00,0.01,1.03,0
2320,101260,22.99,-0.01,-0.02,0.99,0
2360,101253,22.98,-0.01,0.00,1.01,0
2400,101252,22.96,-0.01,0.01,1.00,0
2440,101249,22.88,0.00,-0.01,0.99,0
2480,101252,22.98,-0.00,-0.00,1.01,0
2520,101248,23.07,-0.01,-0.00,0.98,0
2560,101255,22.99,-0.00,0.00,1.02,0
2600,101245,22.99,0.01,-0.01,1.01,0
2640,101249,23.03,-0.00,0.01,1.02,0
2680,101253,23.03,0.02,-0.01,1.00,0
2720,101247,22.98,-0.02,0.00,1.00,0
2760,101253,22.96,-0.01,-0.00,1.02,0
2800,101251,23.04,0.01,0.00,1.00,0
2840,101250,22.99,-0.01,-0.01,0.98,0
2880,101252,22.87,-0.01,-0.02,1.00,0
2920,101251,22.99,0.00,0.01,1.01,0
2960,101250,22.95,0.00,0.01,1.00,0
3000,101257,22.98,0.00,-0.02,1.00,0
3040,101248,23.00,0.01,0.00,1.01,0
3080,101253,23.03,-0.01,0.01,0.99,0
3120,101246,22.95,0.01,0.01,1.01,0
3160,101252,23.07,-0.00,0.01,1.01,0
3200,101248,22.96,0.01,0.02,1.00,0
3240,101249,22.99,-0.01,0.01,1.01,0
3280,101246,22.96,-0.01,0.01,0.99,0
3320,101250,23.00,0.01,-0.00,1.01,0
3360,101254,22.83,-0.00,0.01,1.01,0
3400,101252,23.04,-0.01,0.01,1.00,0
3440,101256,23.00,-0.00,0.01,0.99,0
3480,101255,22.98,-0.01,-0.00,1.02,0
3520,101250,22.98,0.01,-0.00,1.01,0
3560,101248,22.99,-0.00,0.00,0.99,0
3600,101251,23.05,0.00,-0.00,1.01,0
3640,101247,23.01,0.01,0.00,1.00,0
3680,101253,22.94,-0.01,0.00,1.04,0
3720,101248,23.04,-0.01,-0.00,0.99,0
3760,101249,22.98,-0.03,0.01,0.98,0
3800,101254,22.93,0.00,-0.00,1.00,0
3840,101253,23.00,0.01,-0.00,0.98,0
3880,101255,22.99,-0.01,0.00,0.99,0
3920,0,22.95,-0.00,-0.01,0.97,0
3960,101252,22.99,-0.00,0.01,0.98,0
4000,101248,22.97,-0.01,0.00,1.00,0
4040,101256,23.05,-0.00,-0.02,1.00,0
4080,101251,23.02,0.01,0.00,1.01,0
4120,101247,23.02,0.00,-0.01,1.02,0
4160,101253,23.02,-0.01,-0.01,1.00,0
4200,101251,23.02,-0.01,0.00,1.00,0
4240,101250,23.03,-0.00,0.00,1.01,0
4280,101251,22.96,0.00,-0.01,1.00,0
4320,101249,23.04,-0.02,-0.01,0.97,0
4360,101252,23.04,0.00,0.00,0.99,0
4400,101251,23.06,0.00,0.01,0.96,0
4440,101252,23.00,-0.01,0.01,1.01,0
4480,101254,23.03,-0.00,-0.00,1.01,0
4520,101249,22.99,0.03,0.00,1.00,0
4560,101251,23.00,-0.01,-0.00,1.00,0
4600,101253,22.97,-0.00,0.01,0.98,0
4640,101247,22.97,-0.00,-0.02,0.98,0
4680,101252,23.03,-0.01,-0.00,1.01,0
4720,101250,23.02,0.00,-0.02,1.00,0
4760,101248,23.04,0.03,-0.01,0.98,0
4800,101251,22.89,0.01,0.01,0.99,0
4840,101252,22.96,-0.01,-0.01,0.99,0
4880,101248,23.06,-0.01,-0.01,1.03,0
4920,101250,23.03,-0.01,-0.01,1.01,0
4960,101245,22.95,0.00,0.00,1.02,0
5000,101246,23.14,0.00,-0.00,1.01,0
5040,101040,23.05,-0.01,-0.01,1.00,0
5080,100950,23.02,0.01,-0.01,0.99,0
5120,100928,23.05,-0.00,-0.00,1.01,0
5160,100913,22.97,0.00,-0.01,1.01,0
5200,100855,23.01,0.00,0.02,0.97,0
5240,100801,22.96,-0.01,0.01,1.01,0
5280,100822,23.00,0.00,0.01,1.02,0
5320,100856,23.04,0.01,-0.01,1.01,0
5360,100777,23.00,0.00,-0.00,0.98,0
5400,100573,22.96,0.00,0.01,1.02,0
5440,100386,22.96,-0.01,-0.01,1.00,0
5480,100281,22.91,0.01,-0.01,1.02,0
5520,100223,22.99,-0.01,0.00,1.00,0
5560,100156,23.04,-0.01,0.00,0.98,0
5600,100049,22.95,0.01,-0.02,1.00,0
5640,100009,23.03,-0.00,0.00,0.99,0
5680,100069,22.99,0.01,-0.01,0.99,0
5720,100125,23.00,-0.00,0.01,1.00,0
5760,100072,22.98,-0.02,-0.02,1.00,0
5800,99900,23.03,-0.02,0.01,1.00,0
5840,99743,23.00,0.00,-0.00,1.00,0
5880,99649,23.00,-0.00,0.00,1.01,0
5920,99569,22.98,0.01,-0.01,1.00,0
5960,99437,23.05,0.00,-0.01,1.02,0
6000,99296,22.93,-0.00,-0.00,1.00,0
6040,99253,23.03,0.01,-0.01,0.99,0
6080,99312,22.96,0.01,0.00,1.00,0
6120,99385,23.03,-0.01,-0.01,1.00,0
6160,99338,23.17,0.00,0.02,0.99,0
6200,99219,23.01,-0.02,0.00,1.00,0
6240,99106,23.09,0.00,-0.01,0.99,0
6280,99039,23.00,-0.01,-0.01,0.99,0
6320,98946,23.06,0.00,0.02,0.99,0
6360,98765,22.98,0.01,0.01,0.99,0
6400,98591,22.95,0.01,0.00,0.98,0
6440,98526,22.99,-0.00,-0.01,0.98,0
6480,98577,22.98,0.00,-0.00,1.00,0
6520,98631,22.98,0.00,0.01,1.00,0
6560,98603,23.06,-0.00,-0.01,1.02,0
6600,98521,22.93,0.01,-0.01,1.00,0
6640,98473,22.99,0.01,0.00,0.97,0
6680,98436,22.96,0.01,-0.01,1.01,0
6720,98340,22.99,0.02,0.01,0.99,0
6760,98133,23.04,0.00,0.01,0.97,0
6800,97948,22.96,0.00,0.00,0.99,0
6840,97864,22.97,-0.01,-0.01,1.01,0
6880,97876,22.97,0.01,0.01,1.01,0
6920,97899,23.00,0.00,-0.01,0.98,0
6960,97854,22.99,0.01,0.01,1.01,0
7000,97803,22.99,-0.01,0.01,1.01,0
7040,97810,22.99,0.01,0.01,1.01,0
7080,97823,23.01,-0.01,-0.00,1.01,0
7120,97737,22.97,-0.01,-0.00,1.00,0
7160,97544,22.93,0.02,0.00,1.01,0
7160,97544,22.93,0.02,0.00,1.01,0
7200,97336,23.00,0.01,0.00,0.99,0
7240,97247,23.00,-0.00,0.01,1.02,0
7280,97228,22.94,0.01,0.01,0.99,0
7320,97188,23.07,-0.01,0.01,1.02,0
7360,97118,22.91,0.00,0.00,1.02,0
7400,97094,23.00,0.00,-0.01,1.03,0
7440,97137,23.07,0.01,-0.00,1.02,0
7480,97185,22.96,-0.01,0.00,1.01,0
7520,97121,22.98,-0.01,-0.01,1.00,0
7560,96945,22.99,0.00,0.00,0.99,0
7600,96770,22.99,0.00,0.01,1.00,0
7640,96667,22.98,0.00,-0.00,1.01,0
7680,96622,23.00,-0.01,-0.01,0.99,0
7720,96527,23.06,0.00,-0.01,1.00,0
7760,96431,23.01,-0.01,-0.02,0.98,0
7800,96387,22.90,0.01,-0.01,0.99,0
7840,96457,23.05,0.00,-0.01,0.98,0
7880,96530,22.98,-0.01,-0.01,0.98,0
7920,96488,22.98,0.01,0.01,0.99,0
7960,96342,22.95,-0.00,-0.00,0.99,0
8000,96202,22.90,-0.01,-0.00,1.03,0
8040,96131,23.03,0.01,0.00,0.98,0
8080,96045,22.99,-0.01,-0.01,1.00,0
8120,95908,23.09,0.01,-0.01,0.99,0
8160,95763,22.99,0.00,0.01,0.98,0
8200,95714,22.98,0.01,0.01,0.99,0
8240,95781,23.03,-0.02,-0.01,0.99,0
8280,95860,22.98,0.01,-0.01,1.01,0
8320,95827,22.98,0.00,0.01,0.99,0
8360,95728,22.99,0.01,-0.01,0.99,0
8400,95653,22.95,-0.00,-0.01,1.01,0
8440,95601,22.98,-0.02,-0.01,0.99,0
8480,95507,22.94,-0.01,-0.02,0.98,0
8520,95331,22.87,0.00,-0.01,1.01,0
8560,95154,23.08,0.01,0.02,1.02,0
8600,95086,23.04,-0.01,-0.00,1.01,0
8640,95139,22.97,0.01,0.01,0.99,0
8680,95180,22.99,0.02,0.00,1.01,0
8720,95154,22.99,0.02,-0.00,0.99,0
8760,95100,22.93,-0.00,0.01,1.00,0
8800,95077,23.05,-0.00,0.01,1.03,0
8840,95065,23.05,-0.01,-0.01,1.00,0
8880,94982,22.99,0.00,0.01,0.99,0
8920,94789,23.05,0.00,-0.00,1.02,0
8960,94603,23.10,-0.00,-0.01,0.98,0
9000,94513,23.07,-0.01,0.01,1.04,0
9040,94531,23.04,-0.00,0.00,0.99,0
9080,94520,23.05,0.01,0.01,0.96,0
9120,94483,23.04,0.01,0.01,0.99,0
9160,94444,22.96,0.00,0.00,1.00,0
9200,94482,23.03,0.02,0.00,1.00,0
9240,94517,23.04,0.01,0.01,0.99,0
9280,94450,23.01,-0.01,-0.01,0.98,0
9320,94261,22.93,0.00,-0.01,0.98,0
9360,94079,22.98,-0.01,-0.01,0.98,0
9400,93993,23.02,-0.02,0.01,1.00,0
9440,93993,22.95,0.01,0.00,1.00,0
9480,93908,22.97,-0.00,-0.00,1.00,0
9520,93837,23.01,-0.01,0.00,1.01,0
9560,93806,22.98,-0.01,-0.01,1.02,0
9600,93877,23.01,-0.01,-0.00,0.99,0
9640,93946,22.95,-0.02,0.00,1.00,0
9680,93896,23.04,0.01,0.00,0.97,0
9720,93740,23.02,0.01,-0.01,1.03,0
9760,93580,23.09,0.01,0.00,1.02,0
9800,93497,22.98,0.02,0.02,1.00,0
9840,93438,22.94,-0.01,0.00,0.99,0
9880,93328,23.05,0.01,-0.00,0.99,0
9920,93212,22.95,0.00,0.01,0.99,0
9960,93183,23.04,-0.00,0.00,1.02,0
10560,92593,22.97,-0.01,-0.01,0.98,0
10600,92572,23.04,0.00,0.01,0.96,0
10640,92476,22.96,-0.01,-0.01,1.00,0
10680,92305,23.05,0.03,-0.00,1.01,0
10720,92125,23.01,0.02,0.00,1.00,0
10760,92058,22.92,0.01,0.00,1.01,0
10800,92098,23.05,0.00,0.01,0.99,0
10840,92134,22.93,0.00,-0.01,0.99,0
10880,92104,23.03,-0.00,0.01,1.01,0
10920,92072,23.08,0.00,-0.00,0.98,0
10960,92069,22.98,0.01,0.00,1.00,0
11000,92091,22.99,0.00,-0.00,1.02,0
11000,92091,22.99,0.00,-0.00,1.02,0
11040,92017,23.05,-0.00,0.03,0.98,0
11080,91833,22.94,0.01,-0.01,0.99,0
11120,91649,22.97,0.01,0.01,0.99,0
11160,91565,23.08,0.01,-0.02,0.99,0
11200,91563,23.08,0.00,0.01,0.97,0
11240,91557,22.95,0.01,-0.00,1.02,0
11280,91503,22.97,0.02,-0.00,0.99,0
11320,91482,22.99,0.00,-0.00,1.02,0
11360,91539,22.96,-0.00,0.01,1.03,0
11400,91595,23.00,0.02,-0.02,1.03,0
11440,91534,23.06,0.00,0.00,0.97,0
11480,91370,22.93,-0.01,0.01,1.00,0
11520,91197,23.03,-0.01,0.00,1.00,0
11560,91117,23.08,0.01,0.00,1.00,0
11600,91081,23.13,0.00,0.00,0.98,0
11640,91008,23.01,0.00,-0.00,0.99,0
11680,90926,22.93,0.01,0.02,0.98,0
11720,90912,22.98,0.02,0.01,1.01,0
11760,90985,23.02,0.01,-0.01,1.01,0
11800,91059,23.01,0.02,0.01,0.99,0
11840,91036,23.04,-0.00,-0.01,0.96,0
11880,90898,23.07,0.01,0.01,1.04,0
11920,90773,22.97,-0.01,0.01,1.02,0
11960,90696,23.04,-0.00,-0.00,0.99,0
12000,90631,23.00,-0.00,0.00,1.01,0
12040,90506,23.03,-0.01,-0.01,1.00,0
12080,90383,22.95,0.01,0.01,1.01,0
12120,90359,22.95,0.00,-0.01,1.01,0
12160,90436,22.99,-0.01,-0.00,0.99,0
12200,90521,22.95,0.00,0.00,1.02,0
12240,90511,23.00,-0.02,0.01,1.03,0
12280,90412,23.01,-0.02,0.00,1.00,0
12320,90338,22.96,-0.00,0.00,0.97,0
12360,90297,23.08,0.00,-0.01,1.04,0
12400,90213,23.06,0.00,-0.00,0.99,0
12440,90052,22.97,-0.01,-0.01,1.00,0
12480,89892,22.97,0.01,-0.00,0.99,0
12520,89835,23.04,-0.01,-0.01,1.03,0
12560,89911,23.06,0.02,-0.02,1.00,0
12600,89977,22.97,0.00,0.01,1.02,0
12640,89960,23.08,-0.01,0.01,1.02,0
12680,89902,23.03,-0.00,-0.01,0.98,0
12720,89884,23.07,0.01,-0.00,1.03,0
12760,89884,23.01,-0.01,0.02,1.02,0
12800,89802,23.02,0.01,-0.01,1.01,0
12840,89626,23.02,0.01,-0.01,0.97,0
12880,89443,23.03,-0.01,-0.01,1.00,0
12920,89377,23.01,-0.01,-0.00,1.00,0
12960,89413,23.04,-0.00,0.00,1.00,0
13000,89441,23.01,0.01,-0.00,1.01,0
13040,89400,22.89,0.00,-0.02,1.03,0
13080,89376,23.00,0.00,-0.01,0.98,0
13120,89420,22.93,0.00,0.01,0.99,0
13160,89455,22.98,0.01,-0.01,1.00,0
13200,89386,23.08,-0.01,0.01,1.00,0
13240,89217,23.04,0.01,0.00,1.02,0
13280,89035,23.03,-0.00,0.00,1.00,0
13320,88962,22.93,0.00,-0.00,1.00,0
13360,88957,22.96,0.00,0.00,0.99,0
13400,88923,23.02,0.00,-0.00,0.99,0
13440,88867,23.04,-0.01,0.01,1.01,0
13480,88855,22.95,0.00,-0.01,1.01,0
13520,88931,22.99,-0.02,-0.00,1.00,0
13560,88997,23.01,0.02,-0.00,0.99,0
13600,88958,23.05,0.00,-0.01,0.99,0
13640,88811,22.98,0.00,0.02,1.04,0
13680,88656,23.05,0.02,-0.01,1.00,0
13720,88582,23.06,0.01,0.00,1.00,0
13760,88538,22.90,-0.01,0.01,1.00,0
13800,88456,23.01,-0.00,-0.02,1.00,0
13840,88354,23.04,-0.00,-0.00,0.99,0
13880,88342,23.00,-0.00,-0.00,1.02,0
13920,88434,23.00,-0.01,0.02,1.00,0
13960,88530,22.97,-0.00,-0.00,0.99,0
14000,88503,23.00,-0.00,-0.01,1.00,0
14040,88389,23.02,0.01,0.01,1.02,0
14080,88287,22.91,0.00,0.01,1.00,0
14120,88224,22.93,-0.01,0.01,1.00,0
14160,88156,22.90,-0.01,0.00,1.00,0
14200,88032,23.07,-0.00,-0.01,1.02,0
14240,87887,23.00,-0.01,0.00,0.99,0
14280,87854,23.06,-0.01,0.00,1.00,0
14320,87941,23.02,0.01,0.02,1.00,0
14360,88028,23.03,0.01,0.01,1.01,0
14400,88015,23.13,-0.01,0.01,1.00,0
14440,87946,22.97,-0.01,0.01,1.00,0
14480,87895,23.07,0.00,0.00,1.00,0
14520,87871,23.04,-0.03,0.00,0.99,0
14560,87791,23.06,0.01,-0.00,1.01,0
14600,87632,22.99,0.02,-0.00,0.97,0
14640,87473,23.07,-0.01,0.01,1.00,0
14680,87414,22.98,0.01,0.01,1.00,0
14720,87473,23.00,0.01,0.01,1.02,0
14760,87529,23.05,-0.00,0.03,1.00,0
14800,87518,23.09,-0.00,0.00,1.00,0
14840,87484,23.04,0.01,-0.01,0.99,0
14880,87490,22.98,-0.00,-0.00,1.01,0
14920,87511,22.95,0.00,0.01,1.02,0
14960,87446,23.05,0.00,-0.01,1.01,0
15000,87272,23.03,0.01,0.01,1.00,0
15040,87093,22.89,0.01,-0.00,0.98,0
15080,87021,22.99,-0.00,-0.00,0.99,0
15120,87041,23.03,0.01,0.02,0.99,0
15160,87056,22.93,-0.01,0.01,1.00,0
15200,87016,23.02,-0.02,0.01,1.01,0
15240,87004,22.99,0.01,-0.00,1.00,0
15280,87059,23.04,-0.00,-0.01,0.99,0
15320,87122,22.97,-0.01,-0.00,1.02,0
15360,87069,22.93,0.01,0.02,0.97,0
15400,86910,22.95,-0.01,-0.00,1.02,0
15440,86745,22.93,-0.01,-0.01,1.00,0
15480,86673,23.00,-0.02,-0.01,1.02,0
15520,86653,22.94,-0.00,-0.01,1.00,0
15560,86607,22.94,-0.01,-0.01,1.00,0
15600,86544,23.08,-0.00,-0.01,1.01,0
15640,86533,23.01,0.00,-0.00,0.99,0
15680,86620,22.96,0.01,0.02,1.01,0
15720,86702,23.04,0.01,-0.00,1.02,0
15760,86682,22.97,-0.01,0.01,0.99,0
15800,86544,22.97,0.02,-0.01,0.99,0
15840,86415,22.96,-0.01,0.01,1.00,0
15880,86351,22.93,-0.02,-0.00,0.99,0
15920,86302,22.96,0.01,-0.00,1.01,0
15960,86207,22.99,0.02,0.00,1.02,0
16000,86096,23.01,-0.00,0.01,1.02,0
16040,86073,22.92,-0.01,-0.01,1.00,0
16080,86171,23.01,-0.00,0.01,1.02,0
16120,86266,23.00,0.02,-0.00,1.01,0
16160,86251,22.97,-0.00,0.01,0.99,0
16200,86169,23.03,-0.00,-0.01,1.00,0
16240,86088,23.01,-0.00,0.01,1.01,0
16280,86046,22.97,0.00,-0.00,1.00,0
16320,85971,22.95,-0.01,-0.02,0.98,0
16360,85829,22.99,-0.01,0.01,0.99,0
16400,85686,23.04,-0.02,-0.01,1.00,0
16440,85653,22.96,0.01,0.01,1.00,0
16480,85732,23.03,0.01,0.01,0.99,0
16520,85816,23.01,0.01,-0.01,0.99,0
16560,85812,23.03,0.01,-0.01,1.01,0
16600,85756,22.99,0.00,0.02,1.00,0
16640,85740,22.97,-0.01,-0.01,1.00,0
16680,85744,22.90,-0.01,0.01,1.00,0
16720,85669,23.03,0.00,-0.00,0.99,0
16760,85496,23.08,-0.00,-0.02,1.01,0
16800,85332,23.01,0.01,0.00,0.99,0
16840,85282,23.00,-0.01,-0.01,1.01,0
16880,85323,23.10,-0.00,-0.01,1.02,0
16920,85364,23.00,-0.02,0.02,1.00,0
16960,85358,23.01,-0.01,-0.00,0.98,0
17000,85339,23.02,0.00,-0.00,1.00,0
17040,85371,23.06,-0.01,0.00,1.00,0
17080,85413,23.03,0.00,-0.00,1.02,0
17120,85351,22.94,-0.01,0.01,0.98,0
17160,85185,22.93,0.03,0.01,0.98,0
17200,85016,23.00,0.01,0.01,1.00,0
17240,84946,22.99,0.01,0.01,1.01,0
17600,84717,22.98,-0.00,-0.00,0.99,0
17640,84654,23.07,-0.01,0.01,0.96,0
17680,84627,22.98,-0.01,-0.01,1.03,0
17720,84559,23.08,-0.01,0.00,0.99,0
17760,84480,23.03,0.02,0.00,1.03,0
17800,84478,22.92,0.01,-0.01,1.01,0
17840,84570,23.03,0.00,0.01,1.04,0
17880,84667,23.02,-0.02,0.01,1.01,0
17920,84659,23.05,-0.01,0.01,0.98,0
17960,84535,23.04,-0.00,0.02,0.98,0
18000,84439,22.99,0.00,0.01,1.01,0
18040,84388,22.92,0.00,-0.00,1.00,0
18080,84334,22.92,-0.03,-0.02,1.00,0
18120,84220,22.97,-0.01,-0.00,1.00,0
18160,84097,23.02,-0.00,0.01,1.02,0
18200,84077,23.01,-0.01,0.00,1.01,0
18240,84174,23.03,-0.00,0.00,1.00,0
18280,84265,22.96,0.01,-0.01,1.02,0
18320,84265,23.03,-0.01,-0.00,1.02,0
18360,84193,22.96,-0.03,0.02,1.00,0
18400,84141,23.03,0.01,-0.00,0.99,0
18440,84123,23.04,0.01,0.00,1.01,0
18480,84056,23.00,-0.00,0.01,1.00,0
18520,83903,22.95,-0.00,-0.01,1.02,0
18560,83757,23.01,-0.01,0.00,0.99,0
18600,83712,22.99,0.01,-0.00,1.01,0
18640,83787,22.92,0.00,-0.00,1.01,0
18680,83857,23.06,-0.01,0.01,1.01,0
18720,83854,23.03,-0.01,0.00,1.01,0
18760,83821,23.01,0.00,-0.01,1.04,0
18800,83829,23.05,0.00,0.02,0.98,0
18840,83851,23.04,0.01,-0.01,0.97,0
18880,83782,23.04,-0.01,-0.01,1.01,0
18920,83616,23.06,-0.01,0.01,0.97,0
18960,83444,23.02,-0.00,0.02,1.02,0
19000,83391,22.99,-0.00,-0.00,1.01,0
19040,83429,23.01,-0.01,-0.01,0.97,0
19080,83457,22.93,-0.01,0.02,0.99,0
19120,83442,22.99,-0.00,-0.01,1.00,0
19160,83429,23.03,0.00,0.00,0.99,0
19200,83489,22.95,-0.00,-0.02,1.01,0
19240,83550,23.06,-0.00,0.02,1.01,0
19280,83509,22.95,0.00,-0.00,1.01,0
19320,83348,23.03,0.00,0.02,1.00,0
19360,83185,23.05,0.01,-0.00,0.99,0
19400,83119,22.98,0.01,0.00,0.98,0
19440,83117,22.94,-0.01,-0.02,1.00,0
19480,83097,23.01,0.00,-0.00,1.02,0
19520,83036,22.98,-0.00,0.01,1.01,0
19560,83035,23.01,0.00,0.00,1.01,0
19600,83126,23.07,0.01,0.01,0.99,0
19640,83222,22.97,0.01,-0.01,1.01,0
19680,83199,22.99,-0.00,-0.01,1.01,0
19720,83064,23.03,-0.01,-0.00,1.01,0
19760,82932,23.04,0.02,0.01,0.98,0
19800,82877,22.97,-0.01,0.01,0.99,0
19840,82842,22.95,0.01,-0.00,1.00,0
19880,82754,23.00,-0.02,-0.00,1.01,0
19920,82663,23.00,0.01,-0.01,0.99,0
19960,82659,23.01,-0.00,-0.00,1.01,0
20000,82760,23.02,0.02,-0.00,1.02,0
20040,82869,23.02,0.01,-0.01,1.00,0
20080,82858,22.99,-0.00,-0.00,1.00,0
20120,82768,22.95,-0.01,-0.02,1.01,0
20160,82683,23.07,0.02,-0.01,1.00,0
20200,82654,22.96,-0.02,-0.02,1.01,0
20240,82594,22.96,0.00,0.01,1.00,0
20280,82459,22.93,0.01,0.01,1.02,0
20320,82330,22.95,0.01,0.01,0.98,0
20360,82309,22.92,0.01,-0.00,1.01,0
20400,82408,23.02,0.01,-0.01,0.98,0
20440,82495,23.07,0.00,-0.01,1.03,0
20480,82497,23.08,-0.02,-0.00,0.98,0
20520,82449,22.96,0.01,0.00,1.02,0
20560,82431,22.90,0.02,0.00,0.99,0
20600,82422,23.00,0.01,-0.01,1.03,0
20640,0,22.98,0.00,0.02,0.99,0
20680,82200,22.88,0.01,0.02,1.00,0
20720,82045,23.02,0.01,-0.02,1.00,0
20760,81999,22.99,0.01,-0.00,1.00,0
20800,82057,22.99,0.02,-0.00,0.96,0
20840,82125,23.02,0.01,0.00,1.00,0
20880,82122,22.99,0.01,0.01,1.00,0
20920,82102,23.01,0.01,0.01,0.99,0
20960,82138,23.09,-0.01,0.01,1.00,0
21000,82171,23.04,0.01,0.01,0.99,0
21040,82125,23.03,-0.01,0.01,1.00,0
21080,81960,23.01,0.02,-0.01,1.02,0
21120,81800,22.98,0.00,0.00,1.00,0
21160,81733,22.93,-0.01,0.00,0.99,0
21200,81770,23.00,-0.00,-0.01,1.00,0
21240,81773,22.92,0.01,-0.00,0.99,0
21280,81741,23.16,-0.00,-0.00,0.99,0
21320,81742,23.04,0.00,-0.00,1.00,0
21360,81822,22.99,-0.01,0.02,1.01,0
21400,81903,23.01,0.01,0.01,1.02,0
21440,81872,22.94,-0.00,-0.01,1.02,0
21480,81716,23.00,0.00,-0.00,0.98,0
21520,81573,22.93,-0.01,-0.02,1.01,0
21560,81508,23.00,0.01,-0.00,0.98,0
22040,81165,22.94,0.01,0.00,1.02,0
22080,81064,22.99,0.00,-0.02,1.00,0
22120,81054,23.01,-0.00,0.01,0.99,0
22160,81163,23.01,0.01,-0.02,1.00,0
22200,81264,23.10,-0.00,0.01,0.99,0
22240,81269,23.07,-0.01,0.01,0.99,0
22280,81191,23.06,0.01,0.01,0.98,0
22320,81145,22.95,0.00,0.02,0.99,0
22360,81121,22.98,0.00,0.00,1.02,0
22400,81064,22.99,0.00,0.01,1.01,0
22440,80924,22.96,-0.00,0.00,0.99,0
22480,80782,23.10,0.00,0.01,1.03,0
22520,80757,23.03,0.01,-0.00,0.99,0
22560,80837,22.95,-0.00,0.01,1.01,0
22600,80922,23.00,0.00,0.01,1.00,0
22640,80932,23.01,0.00,0.00,0.99,0
22680,80898,22.96,0.01,-0.01,1.03,0
22720,80899,23.00,0.01,-0.01,0.99,0
22760,80914,23.05,0.00,-0.01,1.00,0
22800,80860,23.03,0.01,-0.01,1.02,0
22840,80699,22.97,-0.00,-0.00,1.00,0
22880,80540,23.01,-0.01,0.01,1.01,0
22920,80494,23.08,0.00,-0.00,0.98,0
22960,80550,22.93,-0.01,0.02,1.03,0
23000,80591,23.01,-0.01,0.00,1.01,0
23040,80577,23.03,0.01,0.01,1.01,0
23080,80584,23.01,-0.01,0.00,0.97,0
23120,80631,22.94,-0.00,-0.01,0.98,0
23160,80686,22.98,0.01,0.02,0.99,0
23200,80650,22.98,-0.01,-0.01,1.01,0
23240,80488,23.02,-0.01,-0.02,0.99,0
23280,80332,23.07,0.00,-0.01,0.98,0
23320,80280,23.05,0.00,0.01,0.98,0
23360,80290,23.03,-0.01,0.02,0.98,0
23400,80281,22.95,-0.01,0.01,1.00,0
23440,80244,23.06,0.03,0.00,1.01,0
23480,80252,23.05,-0.01,-0.00,1.00,0
23520,80352,23.07,-0.02,-0.02,1.01,0
23560,80440,22.99,-0.01,-0.01,0.98,0
23600,80415,23.01,-0.00,-0.00,0.99,0
23640,80284,23.04,-0.01,-0.01,0.98,0
23680,80159,23.02,0.01,0.00,0.99,0
23720,80094,22.97,-0.00,0.00,1.00,0
23760,80072,22.98,-0.01,0.01,1.00,0
23800,80004,23.07,0.01,0.01,1.02,0
23840,79930,22.99,0.00,0.00,0.99,0
23880,79935,23.01,-0.02,0.01,0.99,0
23920,80040,22.93,-0.02,0.03,1.03,0
23960,80158,22.99,-0.01,-0.00,1.02,0
24000,80153,23.06,-0.00,0.01,1.01,0
24040,80058,22.97,0.01,-0.00,1.00,0
24080,79972,22.98,-0.00,0.00,0.96,0
24120,79932,23.06,0.00,-0.01,1.01,0
24160,79884,22.93,0.01,-0.00,1.00,0
24200,79771,23.04,0.01,0.00,1.01,0
24240,79657,22.99,0.00,0.00,0.98,0
24280,79640,22.95,-0.01,0.00,1.02,0
24320,79744,23.04,0.01,-0.00,1.00,0
24360,79844,23.03,-0.01,-0.01,1.00,0
24400,79858,22.97,-0.01,0.01,1.00,0
24440,79799,23.06,-0.01,-0.02,1.00,0
24480,79773,23.01,-0.01,-0.00,1.00,0
24520,79768,22.98,0.01,-0.01,0.98,0
24560,79709,23.02,0.00,0.02,1.00,0
24600,79573,22.94,-0.00,-0.01,0.99,0
24640,79412,22.97,-0.00,-0.01,1.01,0
24680,79384,22.83,-0.00,0.01,1.02,0
24720,79462,23.00,-0.02,0.03,0.99,0
24760,79539,23.01,0.01,0.01,0.99,0
24800,79537,22.96,0.00,0.00,0.99,0
24840,79528,23.10,-0.03,-0.00,1.01,0
24880,79547,22.93,-0.00,0.02,0.99,0
24920,79588,22.98,-0.01,0.00,1.02,0
24960,79536,23.11,-0.00,0.00,1.01,0
25000,79384,22.99,0.01,-0.01,1.01,0
25040,79223,22.92,0.01,0.00,1.01,0
25080,79168,22.93,0.00,0.00,1.00,0
25120,79212,23.02,-0.01,-0.00,1.01,0
25160,79243,23.01,-0.01,0.02,1.02,0
25200,79211,22.96,-0.00,-0.01,0.99,0
25240,79226,23.07,-0.00,-0.00,1.00,0
25280,79301,22.98,-0.01,-0.00,1.00,0
25320,79377,23.00,-0.01,-0.01,0.99,0
25360,79346,23.06,-0.01,-0.00,1.00,0
25400,79199,22.89,-0.00,0.00,0.99,0
25440,79060,22.97,-0.03,-0.01,0.99,0
25480,79000,23.06,-0.01,0.01,1.01,0
25520,79005,22.96,0.02,-0.01,1.00,0
25560,78971,23.06,0.01,0.01,0.97,0
25600,78917,23.00,0.00,-0.01,1.02,0
25640,78926,23.01,0.00,-0.00,0.99,0
25680,79031,22.94,-0.00,-0.00,1.00,0
25720,79140,22.94,-0.01,-0.00,1.00,0
25760,79133,23.03,-0.01,0.01,1.00,0
25800,79015,23.01,0.01,0.00,0.98,0
25840,78899,23.05,0.01,-0.00,0.98,0
25880,78854,23.00,-0.01,0.01,1.01,0
25920,78818,23.07,-0.00,-0.00,1.01,0
25960,78737,23.10,-0.01,0.02,0.98,0
26000,78644,23.02,0.00,-0.02,0.98,0
26040,78646,23.01,0.01,0.00,0.99,0
26080,78756,22.95,-0.00,0.01,1.00,0
26120,78868,23.00,0.02,-0.01,1.00,0
26160,78883,23.01,0.00,-0.01,1.00,0
26200,78802,23.06,0.01,0.01,1.00,0
26240,78737,22.99,-0.01,0.00,1.00,0
26280,78718,22.94,0.01,0.01,1.03,0
26320,78670,23.01,0.00,-0.00,0.99,0
26360,78540,23.00,-0.02,0.01,1.00,0
26400,78410,22.96,0.00,-0.01,0.99,0
26440,78390,22.97,0.01,0.00,0.99,0
26480,78490,23.03,-0.02,0.00,0.99,0
26520,78587,22.94,0.01,-0.01,1.00,0
26560,78597,23.02,-0.00,0.01,1.01,0
26600,78560,23.06,0.01,-0.02,0.98,0
26640,78556,23.02,0.01,0.00,0.98,0
26680,78576,23.08,-0.01,0.02,0.98,0
26720,78518,23.04,0.00,-0.02,0.98,0
26760,78372,22.93,-0.01,-0.02,0.97,0
26800,78218,22.95,0.00,-0.01,0.98,0
26840,78179,23.08,-0.00,-0.01,0.98,0
26880,78246,23.04,-0.01,-0.00,0.99,0
26920,78302,23.08,-0.00,-0.00,1.02,0
26960,78312,23.04,0.03,-0.00,1.00,0
27000,78302,22.93,0.01,-0.00,0.99,0
27040,78352,22.97,-0.00,-0.00,0.99,0
27080,78411,23.05,-0.02,-0.01,1.02,0
27120,0,23.11,0.01,0.00,0.99,0
27160,78220,23.03,-0.00,-0.02,0.97,0
27200,78064,23.07,0.02,-0.00,1.01,0
27240,78008,22.92,-0.01,0.02,1.03,0
27280,78035,23.06,-0.00,0.00,1.01,0
27320,78042,22.88,0.00,-0.00,1.00,0
27360,78011,22.96,-0.00,0.01,1.01,0
27400,78031,22.88,-0.01,-0.00,1.02,0
27440,78117,23.02,0.01,0.01,1.01,0
27480,78210,23.00,0.01,-0.01,0.99,0
27520,78192,23.02,0.00,0.00,1.01,0
27560,78059,23.10,0.01,-0.01,1.00,0
27600,77928,22.96,0.01,-0.02,1.02,0
27640,77878,23.03,0.01,0.00,0.99,0
27680,77861,23.04,0.01,-0.01,1.01,0
27720,77810,23.12,-0.01,0.00,0.99,0
27760,77744,22.91,-0.01,0.00,0.98,0
27800,77752,22.91,-0.01,-0.01,1.01,0
27840,77874,23.06,0.01,0.01,1.01,0
27880,77987,22.97,-0.00,0.01,0.98,0
27920,77990,22.97,0.01,-0.01,1.00,0
27960,77888,22.88,-0.01,0.01,1.01,0
28000,77794,23.02,-0.00,-0.00,1.00,0
28040,77763,22.96,0.00,-0.02,0.97,0
28080,77718,23.00,0.01,0.01,1.01,0
28120,77619,23.00,-0.02,-0.02,0.99,0
28160,77515,23.12,-0.00,-0.01,0.99,0
28200,77511,23.07,-0.01,0.00,1.00,0
28240,77618,23.03,-0.00,0.01,1.01,0
28280,77724,23.03,-0.01,0.01,1.00,0
28320,77747,23.04,-0.01,0.02,0.97,0
28360,77692,22.95,0.00,-0.02,1.02,0
28400,77653,22.98,-0.01,-0.01,1.00,0
28440,77654,23.05,0.01,0.01,1.01,0
28480,77593,23.01,-0.00,-0.00,0.98,0
28520,77464,22.99,-0.01,-0.01,0.98,0
28560,77325,23.00,0.00,-0.01,1.00,0
28600,77294,22.95,0.00,-0.02,1.02,0
28640,77385,22.99,0.01,-0.02,0.99,0
28680,77476,22.96,-0.03,-0.03,1.03,0
28720,77488,22.94,0.01,0.01,0.99,0
28760,77461,23.01,-0.01,0.02,0.97,0
28800,77486,23.05,-0.00,-0.01,0.99,0
28840,77519,23.03,0.01,0.01,0.98,0
28880,77464,22.99,-0.01,0.00,1.01,0
28920,77316,23.04,-0.01,-0.01,0.99,0
28960,77164,22.99,-0.00,0.01,1.00,0
29000,77120,23.00,-0.01,0.00,1.01,0
29040,77180,23.03,-0.00,0.01,1.01,0
29080,77216,23.02,-0.01,0.02,1.01,0
29120,77213,23.03,0.01,0.02,1.02,0
29160,77216,23.00,-0.00,0.02,0.98,0
29200,77290,23.00,0.01,0.02,0.99,0
29240,77371,22.99,0.02,0.00,0.98,0
29280,77332,23.06,0.02,0.01,0.99,0
29320,77187,23.01,0.01,0.00,1.03,0
29360,77038,23.00,0.00,-0.01,1.00,0
29400,76996,22.98,-0.00,0.02,0.97,0
29440,76998,22.97,0.02,-0.00,1.00,0
29480,76987,23.00,0.00,-0.01,1.01,0
29520,76946,23.04,0.00,-0.00,1.01,0
29560,76963,23.01,0.01,-0.00,1.00,0
29600,77071,23.01,-0.01,0.01,1.00,0
29640,77171,22.93,0.01,-0.01,0.97,0
29680,77164,23.01,-0.01,-0.01,1.02,0
29720,77051,22.98,-0.01,-0.01,1.02,0
29760,76932,23.02,0.01,0.01,1.00,0
29800,76888,22.99,0.01,-0.00,1.02,0
29840,76864,23.06,-0.01,0.02,0.99,0
29880,76792,22.98,0.00,-0.00,1.00,0
29920,76713,22.86,-0.01,-0.01,1.01,0
29960,76729,22.98,-0.01,-0.02,1.00,0
30000,76838,23.01,0.00,-0.01,1.00,0
30040,76957,23.03,0.01,0.01,0.98,0
30080,76959,23.09,0.01,-0.01,0.98,0
30120,76882,23.08,-0.01,0.00,0.97,0
30160,76826,23.05,0.01,-0.01,1.00,0
30200,76796,22.95,0.00,-0.01,1.01,0
30240,76751,22.95,0.00,0.00,0.99,0
30280,76639,22.97,-0.01,-0.00,1.00,0
30320,76520,22.96,-0.01,0.01,1.00,0
30360,76507,22.96,-0.01,-0.01,0.97,0
30400,76616,22.95,-0.01,0.01,0.99,0
30440,76723,23.04,0.00,-0.02,1.00,0
30480,76742,22.98,-0.01,-0.00,1.01,0
30520,76701,23.01,-0.01,-0.01,1.00,0
30560,76688,23.06,-0.00,0.00,0.99,0
30600,76700,22.99,0.00,-0.00,0.99,0
30640,76648,23.02,-0.01,0.01,1.00,0
30680,76504,22.96,0.01,-0.00,1.01,0
30720,76364,23.00,0.01,0.01,1.01,0
30760,76333,23.01,0.02,-0.01,1.00,0
30800,76409,23.06,-0.01,0.02,1.00,0
30840,76483,23.07,-0.00,0.00,1.01,0
30880,76489,23.02,-0.01,-0.00,1.00,0
30920,76487,23.02,0.01,-0.00,1.02,0
30960,76530,22.91,0.00,-0.00,1.00,0
31000,76582,22.96,0.00,-0.02,1.00,0
31040,76539,23.02,-0.00,-0.01,0.99,0
31080,76389,23.08,-0.01,-0.00,1.01,0
31120,76238,22.91,0.01,-0.01,1.02,0
31160,76200,23.08,0.01,0.01,0.99,0
31200,76236,23.09,0.02,0.00,0.97,0
31240,76254,22.96,0.00,-0.01,1.00,0
31280,76242,22.96,-0.01,0.00,1.01,0
31320,76261,23.03,-0.02,0.00,0.97,0
31360,76341,22.95,-0.02,0.01,1.00,0
31400,76437,22.96,-0.02,-0.00,0.99,0
31440,76409,23.06,0.01,0.01,1.01,0
31480,76280,22.95,-0.00,0.01,0.99,0
31520,76143,22.99,-0.01,-0.00,1.01,0
31560,76096,22.95,0.00,-0.00,1.01,0
31600,76101,22.97,-0.01,-0.00,1.00,0
31640,76064,23.01,0.00,-0.02,0.98,0
31680,76006,23.00,0.01,-0.01,0.97,0
31720,76025,22.98,-0.00,-0.01,1.00,0
31760,76142,23.00,-0.00,0.00,0.98,0
31800,76255,23.00,-0.00,-0.00,1.01,0
31840,76258,23.07,-0.00,-0.01,1.04,0
31880,76154,22.97,-0.00,-0.02,0.99,0
31920,76059,23.00,0.00,0.01,1.02,0
31960,76020,22.95,0.00,-0.01,0.99,0
32000,75981,23.00,-0.02,-0.01,1.03,0
32040,75901,23.06,0.00,-0.01,0.96,0
32080,75800,23.02,0.01,0.01,1.01,0
32120,75813,22.96,-0.01,-0.01,1.01,0
32160,75923,22.97,0.01,0.00,1.02,0
32200,76047,23.00,-0.00,-0.01,1.00,0
32240,76055,22.95,0.00,-0.01,0.99,0
32280,76004,23.00,0.01,0.00,0.98,0
32320,75960,22.98,0.00,0.01,0.99,0
32360,75946,23.01,-0.00,0.01,0.97,0
32400,75899,22.93,-0.00,0.00,0.97,0
32440,75773,22.97,-0.01,0.02,0.98,0
32480,75649,23.13,0.00,-0.01,0.98,0
32520,75626,23.03,-0.01,-0.00,1.00,0
32560,75725,23.04,-0.01,0.00,1.01,0
32600,75820,22.98,0.01,-0.01,0.99,0
32640,75838,23.00,0.00,0.01,1.03,0
32680,75821,22.92,-0.02,0.01,1.00,0
32720,75825,22.98,-0.02,0.01,1.00,0
32760,75858,23.09,-0.00,-0.00,1.02,0
32800,75816,23.07,-0.01,0.00,0.98,0
32840,75662,23.00,-0.00,0.01,0.99,0
32880,75525,22.98,0.01,0.01,1.03,0
32920,75482,22.96,-0.01,-0.01,1.03,0
32960,75552,23.08,0.01,0.01,1.01,0
33000,75612,23.01,-0.00,-0.01,0.97,0
33040,75611,22.98,-0.01,0.01,1.03,0
33080,75618,22.96,0.01,-0.00,1.01,0
33120,75683,23.05,-0.01,0.00,1.01,0
33160,75753,23.04,0.01,0.01,0.99,0
33200,75728,23.02,0.00,-0.00,1.00,0
33240,75579,22.95,0.00,-0.00,1.00,0
33280,75433,22.98,0.01,0.01,1.00,0
33320,75385,22.99,0.00,-0.02,1.02,0
33360,75403,22.99,0.02,0.01,1.01,0
33400,75413,23.00,-0.00,0.01,1.01,0
33440,75380,22.95,0.00,0.00,1.02,0
33480,75398,22.95,-0.01,-0.01,1.01,0
33520,75501,22.94,0.02,-0.01,0.99,0
33560,75605,23.06,-0.00,0.01,0.97,0
33960,75432,23.01,0.02,0.00,0.98,0
34000,75438,22.95,-0.01,0.01,1.03,0
34040,75367,23.04,0.00,0.01,1.00,0
34080,75283,23.03,0.01,0.01,1.03,0
34120,75259,23.00,0.01,-0.01,1.00,0
34160,75216,22.91,0.02,0.00,1.00,0
34200,75110,23.00,-0.01,0.01,0.98,0
34240,75010,23.09,0.01,0.02,1.02,0
34280,75008,23.03,-0.00,-0.00,1.00,0
34320,75122,22.98,0.03,0.01,1.01,0
34360,75234,22.95,0.01,-0.01,1.01,0
34400,75251,22.93,0.02,0.01,0.99,0
34440,75205,23.03,-0.01,-0.01,0.99,0
34480,75194,22.99,0.00,-0.01,1.01,0
34520,75203,22.98,-0.01,0.01,1.01,0
34560,75143,22.95,-0.01,0.01,1.02,0
34600,75009,23.05,0.01,-0.00,0.99,0
34640,74877,23.03,-0.01,-0.02,1.00,0
34680,74858,22.98,-0.00,0.00,1.01,0
34720,74940,23.05,0.01,-0.01,1.02,0
34760,75019,23.04,-0.01,0.01,0.98,0
34800,75042,22.99,0.01,-0.01,0.98,0
34840,75029,23.09,-0.02,0.00,0.98,0
34880,75072,23.09,-0.00,0.01,1.01,0
34920,75123,23.05,-0.01,0.01,0.99,0
34960,75080,22.98,0.00,-0.01,1.00,0
35000,74930,23.03,0.00,-0.00,0.99,0
35040,74790,22.98,0.01,0.01,0.97,0
35080,74747,23.02,0.00,0.01,0.99,0
35120,74793,23.05,-0.01,0.01,0.98,0
35160,74831,23.03,-0.00,0.01,1.00,0
35200,74827,23.05,-0.01,-0.01,0.99,0
35240,74842,22.99,-0.01,-0.01,0.99,0
35280,74932,23.00,-0.01,-0.00,0.99,0
35320,75010,23.00,-0.01,0.02,1.00,0
35360,74990,23.05,0.00,-0.01,1.02,0
35400,74862,23.03,-0.00,-0.00,0.99,0
35440,74718,23.01,-0.00,0.01,0.99,0
35480,74676,23.02,0.01,-0.02,1.00,0
35520,74680,22.98,-0.00,-0.01,1.01,0
35560,74661,22.94,0.01,-0.00,1.01,0
35600,74618,22.91,-0.01,-0.01,0.98,0
35640,74649,22.97,-0.02,0.01,1.04,0
35680,74754,22.99,0.01,0.02,0.97,0
35720,74869,22.93,0.00,-0.00,1.01,0
35760,74869,23.01,-0.01,-0.00,0.99,0
35800,74767,22.98,0.01,-0.03,0.99,0
35840,74670,22.96,0.00,-0.00,1.02,0
35880,74622,22.97,0.01,0.02,1.02,0
35920,74603,23.00,0.01,-0.00,0.99,0
35960,74520,23.03,0.02,-0.02,0.99,0
36000,74446,22.96,0.02,0.00,0.99,0
36040,74459,23.00,0.01,-0.01,1.03,0
36080,74579,23.03,-0.01,0.01,1.02,0
36120,74699,22.99,-0.00,-0.00,0.98,0
36160,74716,23.02,0.00,0.01,1.01,0
36200,74647,23.05,0.01,-0.01,1.00,0
36240,74601,22.90,-0.00,-0.01,1.00,0
36280,74584,22.97,-0.02,0.01,0.98,0
36320,74542,23.00,-0.00,-0.00,1.03,0
36360,74422,23.01,0.00,-0.01,0.99,0
36400,74300,22.89,0.00,-0.01,1.00,0
36440,74300,23.02,-0.00,-0.00,1.00,0
36480,74401,23.03,-0.01,0.00,1.00,0
36520,74511,23.02,-0.01,0.00,1.00,0
36560,74535,23.03,0.00,0.01,0.98,0
36600,74505,23.06,0.01,-0.00,1.01,0
36640,74509,23.05,0.01,-0.00,1.00,0
36680,74539,23.04,-0.01,0.01,0.98,0
36720,74489,23.00,-0.01,-0.00,0.99,0
36760,74350,22.99,-0.00,-0.01,1.01,0
36800,74202,22.98,-0.01,-0.02,1.00,0
36840,74174,22.95,0.01,-0.00,1.01,0
36880,74252,22.97,0.01,0.02,1.01,0
36920,74318,22.88,-0.00,0.01,0.98,0
36960,74329,23.07,0.00,0.00,1.00,0
37000,74341,22.96,0.01,0.01,0.99,0
37040,74396,22.97,-0.02,-0.02,1.03,0
37080,74462,23.05,0.00,-0.00,1.00,0
37120,74434,22.99,0.02,0.02,1.01,0
37160,74288,23.10,-0.00,0.01,1.01,0
37200,74142,23.00,-0.01,0.01,1.00,0
37240,74097,23.03,0.01,-0.00,1.01,0
37280,74131,23.09,-0.00,0.01,0.99,0
37320,74154,23.02,0.00,0.01,0.99,0
37360,74135,23.00,-0.01,-0.01,1.02,0
37400,74155,22.99,0.01,0.01,0.99,0
37440,74252,22.91,-0.01,0.00,1.00,0
37480,74355,23.00,0.01,-0.00,1.00,0
37520,74344,22.91,0.00,-0.01,0.99,0
37560,74218,23.02,0.00,-0.01,0.98,0
37600,74098,22.95,0.02,0.00,1.01,0
37640,74048,22.95,0.01,0.00,1.00,0
37680,74049,22.92,0.00,0.00,1.01,0
37720,74008,23.02,-0.00,0.00,1.00,0
37760,73952,23.03,0.01,-0.00,0.99,0
37800,73967,22.99,0.01,0.00,1.01,0
37840,74092,22.99,-0.01,-0.00,0.99,0
37880,74215,23.01,-0.00,-0.01,1.00,0
37920,74228,23.01,0.00,0.01,0.98,0
37960,74144,23.03,-0.00,0.01,1.02,0
38000,74049,23.00,0.00,0.01,1.02,0
38040,74029,22.96,0.01,-0.01,0.99,0
38080,73988,23.04,-0.01,-0.01,0.98,0
38120,73896,23.09,0.01,-0.01,1.01,0
38160,73805,22.97,-0.01,0.01,1.02,0
38200,73812,23.01,-0.01,0.00,0.97,0
38240,73931,23.06,-0.00,-0.01,1.02,0
38280,74044,22.89,0.00,0.01,1.01,0
38320,74077,23.06,-0.01,-0.00,1.00,0
38360,74018,22.99,-0.02,0.00,1.01,0
38400,73997,22.97,0.01,0.01,1.01,0
38440,73991,23.03,-0.00,0.01,1.00,0
38480,73945,22.96,0.01,-0.02,0.98,0
38520,73821,22.98,0.00,-0.00,1.00,0
38560,73694,23.05,-0.01,-0.01,1.01,0
38600,73679,22.94,-0.01,-0.01,1.03,0
38640,73774,23.00,-0.01,-0.00,1.00,0
38680,73867,22.95,-0.00,0.00,1.00,0
38720,73884,22.95,0.00,-0.01,1.00,0
38760,73878,23.08,0.01,0.00,1.00,0
38800,73914,23.05,-0.01,-0.01,1.01,0
38840,73943,23.08,-0.01,-0.01,1.00,0
38880,73912,23.04,0.01,-0.01,0.98,0
38920,73767,23.08,0.01,-0.01,0.99,0
38960,73626,22.94,-0.01,0.02,1.00,0
39000,73588,22.97,0.01,0.01,1.00,0
39040,73646,23.09,-0.00,-0.00,0.99,0
39080,73703,22.94,0.01,-0.00,1.02,0
39120,73696,22.96,0.00,-0.01,1.02,0
39160,73714,23.06,-0.00,0.01,1.00,0
39200,73792,22.85,-0.00,-0.01,0.99,0
39240,73876,22.96,-0.00,-0.01,1.00,0
39280,73846,23.00,0.01,0.00,0.98,0
39320,73711,22.99,-0.00,-0.01,1.01,0
39360,73576,23.02,-0.01,0.00,1.00,0
39400,73532,22.87,-0.01,0.00,1.00,0
39440,73557,22.97,-0.00,0.02,0.99,0
39480,73550,22.99,0.01,0.01,1.01,0
39520,73518,23.02,0.00,-0.00,0.99,0
39560,73541,23.08,0.00,-0.01,1.01,0
39600,73652,23.01,0.01,-0.00,1.02,0
39640,73764,23.07,0.01,0.01,1.01,0
39680,73763,22.98,0.00,0.01,0.99,0
39720,73657,22.96,-0.02,-0.01,0.98,0
39760,73546,22.94,0.01,-0.00,1.01,0
39800,73513,22.97,0.00,0.02,0.99,0
39840,73491,22.97,0.01,-0.00,1.00,0
39880,73430,22.97,0.00,-0.00,1.03,0
39920,73365,23.05,-0.00,0.00,1.00,0
39960,73380,23.03,-0.01,0.01,1.02,0
40000,73501,22.96,0.01,-0.01,1.01,0
40040,73623,23.02,0.01,0.02,0.99,0
40080,73642,23.00,-0.00,-0.00,1.02,0
40120,73571,22.95,-0.00,0.01,1.01,0
40160,73508,22.96,0.00,-0.01,0.99,0
40200,73495,23.01,-0.00,-0.00,0.99,0
40240,73455,22.95,-0.01,-0.01,1.01,0
40280,73350,23.01,0.00,0.01,1.02,0
40320,73242,23.02,0.01,0.01,1.00,0
40360,73241,22.98,0.01,-0.01,0.98,0
40400,73352,22.99,-0.00,-0.00,1.01,0
40440,73469,23.02,0.01,0.01,1.00,0
40480,73489,22.94,-0.01,-0.00,1.02,0
40520,73460,22.97,0.00,-0.01,1.00,0
40560,73450,23.03,-0.02,0.00,1.01,0
40600,73476,22.97,-0.00,-0.01,1.01,0
40640,73427,23.04,-0.00,-0.01,1.00,0
40680,73296,22.95,0.01,-0.00,1.01,0
40720,73155,23.04,-0.02,-0.00,1.03,0
40760,73134,22.97,0.02,0.01,0.97,0
40800,73216,23.07,0.01,0.01,1.02,0
40840,73292,22.99,-0.02,-0.01,0.98,0
40880,73316,22.99,-0.01,-0.01,1.01,0
40920,73310,23.02,-0.02,0.01,1.00,0
40960,73360,22.92,0.01,0.02,1.01,0
41000,73436,23.03,0.00,0.00,1.01,0
41040,73395,23.03,0.02,-0.02,0.98,0
41080,73244,22.98,-0.00,0.01,1.01,0
41120,73104,22.99,0.01,-0.01,1.01,0
41160,73069,22.93,-0.01,0.01,0.98,0
41200,73111,23.04,-0.01,0.01,1.01,0
41240,73148,22.95,-0.01,0.01,0.97,0
41280,73135,23.11,-0.01,0.01,1.00,0
41320,73158,23.04,0.01,0.00,0.99,0
41360,73256,22.99,-0.00,0.00,1.01,0
41400,73350,23.04,0.01,-0.00,1.02,0
41440,73342,23.00,0.02,-0.01,1.00,0
41480,73207,23.00,-0.00,-0.00,1.01,0
41520,73087,22.99,-0.00,-0.00,1.00,0
41560,73048,23.04,-0.00,-0.01,0.98,0
41600,73041,23.00,0.02,-0.00,1.01,0
41640,73024,23.00,0.01,-0.00,1.00,0
41680,72970,23.01,-0.01,0.01,1.02,0
41720,72996,23.04,0.00,-0.00,0.99,0
41760,73121,23.01,0.01,-0.00,1.01,0
41800,73244,22.99,0.02,-0.01,1.00,0
41840,73250,23.00,-0.00,0.02,1.00,0
41880,73145,23.04,-0.02,0.01,0.99,0
41920,73059,23.04,0.01,0.01,1.01,0
41960,73033,23.08,-0.01,-0.02,0.99,0
42000,73015,22.99,0.01,0.01,0.99,0
42040,72931,22.97,-0.00,-0.01,1.01,0
42080,72841,23.04,-0.02,-0.00,1.02,0
42120,72852,23.02,-0.01,-0.00,1.00,0
42160,72975,23.01,0.00,-0.00,1.01,0
42200,73099,23.01,0.01,0.03,1.00,0
42240,73124,22.88,-0.00,-0.01,1.01,0
42280,73066,23.07,0.01,-0.00,0.97,0
42320,73030,23.07,-0.00,-0.00,0.98,0
42360,73023,22.99,-0.01,-0.00,1.00,0
42400,72990,23.12,-0.01,0.01,1.00,0
42440,72867,22.92,-0.02,0.00,0.99,0
42480,72745,23.01,0.00,-0.00,1.01,0
42520,72733,23.12,-0.03,-0.01,0.99,0
42560,72840,22.96,0.00,0.01,0.98,0
42600,72944,23.05,-0.02,0.00,1.02,0
42640,72973,23.06,-0.01,0.01,1.02,0
42680,72953,22.94,0.01,0.00,1.01,0
42720,72970,23.05,-0.01,0.00,0.99,0
42760,73014,23.05,-0.01,-0.01,1.00,0
42800,72969,22.93,-0.00,-0.00,1.01,0
42840,72824,22.99,0.00,0.02,0.98,0
42880,72685,22.92,0.01,0.02,1.00,0
42920,72666,23.04,0.01,0.00,1.02,0
42960,72734,23.02,-0.01,-0.01,0.98,0
43000,72793,23.02,0.01,0.01,1.04,0
43040,72810,23.06,-0.01,-0.01,1.00,0
43080,72814,22.99,0.02,-0.00,1.00,0
43120,72889,23.02,-0.01,0.01,1.00,0
43160,72964,23.02,0.00,0.02,1.04,0
43440,72639,23.02,0.02,-0.01,1.01,0
43480,72666,23.07,0.01,0.02,0.99,0
43520,72778,22.95,-0.01,-0.01,1.01,0
43560,72884,22.94,0.00,-0.01,0.99,0
43600,72883,22.99,0.02,0.02,1.02,0
43640,72759,23.02,-0.01,0.01,1.03,0
43680,72655,23.04,0.01,-0.02,0.98,0
43720,72615,23.08,-0.00,0.00,1.01,0
43760,72605,22.95,0.00,-0.01,0.99,0
43800,72559,23.06,-0.00,0.00,0.99,0
43840,72490,23.01,0.01,0.00,0.98,0
43880,72525,23.09,0.01,-0.02,0.99,0
43920,72649,23.07,0.01,0.00,1.02,0
43960,72771,22.94,-0.01,-0.00,1.04,0
44000,72781,22.95,-0.01,-0.00,1.00,0
44040,72705,23.06,0.01,0.02,1.00,0
44080,72638,22.98,-0.01,-0.01,1.01,0
44120,72616,22.93,-0.01,0.01,1.01,0
44160,72584,22.94,-0.01,-0.02,0.98,0
44200,72482,23.05,0.01,0.01,1.02,0
44240,72388,22.98,0.01,-0.00,1.00,0
44280,72386,22.94,0.01,0.00,1.00,0
44320,72513,23.02,0.01,0.01,0.98,0
44360,72633,23.04,-0.01,0.01,1.00,0
44400,72657,22.95,0.00,0.00,1.00,0
44440,72623,23.06,-0.00,0.00,1.00,0
44480,72604,23.00,0.00,0.02,1.01,0
44520,72623,22.87,-0.00,0.01,1.03,0
44560,72577,22.99,0.00,-0.00,1.01,0
44600,72450,22.92,-0.01,-0.01,0.99,0
44640,72318,23.08,-0.00,0.01,1.03,0
44680,72297,23.01,-0.00,-0.01,1.02,0
44720,72398,22.90,0.01,0.00,1.00,0
44760,72489,23.00,0.00,-0.00,0.97,0
44800,72510,22.90,-0.00,-0.00,0.99,0
44840,72504,22.98,-0.01,0.00,1.00,0
44880,72546,23.02,-0.00,0.00,0.99,0
44920,72605,23.02,0.00,0.03,0.99,0
44960,72566,23.03,-0.01,0.03,0.99,0
45000,72420,22.97,-0.02,-0.00,1.00,0
45040,72282,22.97,0.01,-0.00,1.02,0
45080,72253,22.99,-0.01,0.00,0.98,0
45120,72303,22.94,0.01,-0.02,0.97,0
45160,72344,22.89,0.01,-0.00,0.99,0
45200,72348,23.02,-0.00,0.02,1.02,0
45240,72369,23.06,0.00,-0.01,1.00,0
45280,72459,23.11,-0.02,0.02,0.99,0
45320,72549,22.98,0.00,0.02,1.01,0
45360,72549,22.97,-0.00,-0.00,0.99,0
45400,72399,22.97,0.01,-0.02,1.00,0
45440,72280,23.04,-0.00,-0.01,1.00,0
45480,72223,23.04,0.01,-0.00,1.01,0
45520,72245,22.92,-0.00,0.00,1.01,0
45560,72238,23.06,0.01,-0.01,1.00,0
45600,72207,22.98,-0.02,0.00,1.03,0
45640,72220,23.04,-0.02,-0.00,1.01,0
45680,72346,23.00,-0.02,-0.00,1.00,0
45720,72463,23.02,0.01,0.03,0.98,0
45760,72473,22.96,0.01,-0.00,1.02,0
45800,72365,23.01,0.01,-0.00,0.99,0
45840,72271,22.95,-0.00,-0.01,0.99,0
45880,72240,23.04,0.01,-0.00,0.99,0
45920,72221,23.04,-0.01,0.01,1.01,0
45960,72153,22.89,0.01,0.01,0.97,0
46000,72080,22.99,-0.00,-0.01,0.98,0
46040,72095,23.02,0.01,0.00,0.98,0
46080,72213,23.03,0.03,-0.01,0.99,0
46120,72346,22.97,0.02,0.01,0.99,0
46160,72366,22.98,-0.00,-0.00,1.00,0
46200,72303,23.00,-0.01,-0.00,1.01,0
46240,72265,23.00,-0.00,-0.01,1.00,0
46280,72256,23.02,0.02,0.02,0.98,0
46320,72216,23.08,-0.00,0.02,0.99,0
46360,72105,22.94,0.00,0.03,0.99,0
46400,71991,23.05,0.00,-0.01,1.01,0
46440,71988,22.99,-0.00,-0.00,0.98,0
46480,72100,23.04,-0.02,-0.01,1.01,0
46520,72217,23.01,-0.00,0.00,1.00,0
46560,72234,22.97,0.01,-0.01,0.99,0
46600,72219,22.97,-0.01,-0.02,0.99,0
46640,72226,23.01,-0.01,0.01,0.98,0
46680,72260,22.97,-0.02,-0.00,1.00,0
46720,72219,22.99,0.01,-0.01,0.99,0
46760,72083,23.03,0.00,-0.00,1.00,0
46800,71945,23.07,-0.01,-0.01,1.01,0
46840,71919,23.03,-0.01,0.00,1.02,0
46880,71998,23.04,0.02,-0.00,1.02,0
46920,72077,22.93,0.01,-0.00,1.00,0
46960,72088,23.08,0.01,0.01,1.00,0
47000,72104,22.98,-0.01,-0.01,1.04,0
47040,72166,22.95,-0.01,-0.00,0.99,0
47080,72238,23.00,0.01,0.01,1.00,0
47120,72206,22.98,0.00,-0.01,1.01,0
47160,72065,23.01,-0.01,0.01,0.99,0
47200,71932,23.00,-0.00,-0.01,1.00,0
47240,71889,22.94,-0.00,0.00,1.00,0
47280,71937,22.97,0.01,-0.01,0.96,0
47320,71953,23.07,-0.01,0.01,1.01,0
47360,71944,22.98,0.01,-0.00,0.99,0
47400,71969,23.05,-0.02,-0.00,1.02,0
47440,72066,23.01,0.01,-0.01,0.99,0
47480,72178,22.98,-0.01,-0.02,1.00,0
47520,72175,22.97,0.01,-0.00,0.99,0
47560,72052,23.05,-0.00,-0.01,1.00,0
47600,71939,23.04,0.01,-0.01,0.98,0
47640,71894,23.00,-0.02,-0.00,1.01,0
47680,71897,22.93,-0.00,-0.01,0.99,0
47720,71862,22.99,-0.01,0.01,1.00,0
47760,71809,23.00,0.03,0.01,1.00,0
47800,71833,22.93,-0.00,-0.00,1.00,0
47840,71956,23.03,0.01,0.01,1.02,0
47880,72087,22.94,0.00,0.00,1.01,0
47920,72091,22.99,0.01,0.02,1.01,0
47960,72015,22.99,0.01,0.01,0.99,0
48000,71937,23.00,-0.00,-0.00,1.02,0
48040,71916,23.02,-0.00,-0.01,1.01,0
48080,71890,23.05,0.01,-0.00,0.99,0
48120,71802,22.93,-0.01,-0.01,0.98,0
48160,71711,23.06,0.02,-0.00,1.00,0
48200,71719,22.98,0.02,-0.01,1.00,0
48240,71843,23.12,-0.02,-0.00,0.99,0
48280,71970,22.96,-0.01,-0.01,0.98,0
48320,71993,23.02,-0.00,0.01,1.00,0
48360,71950,22.96,0.00,0.02,0.99,0
48400,71930,22.96,0.01,-0.00,1.03,0
48440,71937,23.01,-0.01,0.01,1.02,0
48480,71897,22.97,-0.00,0.00,1.01,0
48520,71770,23.06,0.01,-0.01,1.00,0
48560,71646,22.96,0.01,0.01,1.01,0
48600,71637,23.01,-0.01,0.01,1.01,0
48640,71738,22.97,0.01,0.00,1.02,0
48680,71839,22.95,-0.01,0.00,0.98,0
48720,71866,23.00,0.00,0.00,1.01,0
48760,71856,23.06,0.01,-0.01,0.99,0
48800,71895,23.05,-0.02,-0.00,1.03,0
48840,71935,22.98,0.01,0.02,1.01,0
48880,71902,23.01,-0.01,0.00,0.99,0
48920,71758,23.02,-0.01,-0.00,0.99,0
48960,71621,23.01,0.01,0.01,1.01,0
49000,71598,22.94,-0.00,-0.01,0.99,0
49040,71654,22.99,-0.00,-0.00,0.99,0
49080,71715,22.91,0.02,-0.00,1.00,0
49120,71721,22.94,-0.01,0.00,0.99,0
49160,71736,23.03,0.01,0.00,1.02,0
49200,71821,22.96,0.00,-0.00,0.97,0
49240,71909,22.86,0.01,0.01,1.02,0
49280,71886,23.07,-0.00,-0.02,1.00,0
49320,71757,22.99,-0.01,0.01,0.99,0
49360,71624,22.95,-0.01,-0.01,0.98,0
49400,71587,23.04,-0.00,0.01,1.00,0
49440,71610,22.99,-0.01,0.01,0.99,0
49480,71606,22.93,-0.01,-0.02,1.01,0
49520,71577,23.06,0.03,-0.00,1.00,0
49560,71614,23.03,-0.02,-0.02,1.01,0
49600,71726,22.96,0.01,0.01,1.02,0
49640,71848,22.96,0.00,-0.02,1.00,0
49680,71850,22.96,0.02,0.00,0.98,0
49720,71740,23.04,0.01,0.01,1.00,0
50320,71384,22.96,0.02,-0.01,1.00,0
50360,71402,22.93,-0.00,-0.00,1.01,0
50400,71511,22.98,-0.00,-0.00,1.02,0
50440,71627,23.09,0.01,0.01,1.02,0
50480,71657,22.94,-0.01,0.02,0.97,0
50520,71634,22.91,0.01,-0.02,1.00,0
50560,71627,23.12,0.01,-0.00,0.99,0
50600,71648,23.01,0.01,0.00,0.98,0
50640,71614,22.97,0.00,0.00,1.02,0
50680,71477,22.89,-0.00,-0.01,0.99,0
50720,71346,23.03,-0.00,0.01,0.99,0
50760,71328,23.05,0.01,-0.00,0.99,0
50800,71421,23.03,-0.00,0.00,1.03,0
50840,71502,22.97,-0.00,0.00,1.01,0
50880,71525,23.00,0.01,0.01,1.02,0
50920,71533,23.03,-0.03,0.01,1.01,0
50960,71578,23.09,0.01,0.01,1.02,0
51000,71651,23.00,0.00,0.02,0.99,0
51040,71624,22.96,0.01,0.00,1.00,0
51080,71483,22.96,-0.00,-0.00,1.03,0
51120,71340,23.06,0.01,0.01,0.98,0
51160,71307,23.05,-0.00,0.00,1.00,0
51200,71349,23.00,0.00,-0.01,1.00,0
51240,71391,22.99,-0.01,-0.01,0.98,0
51280,71388,22.97,0.00,-0.02,1.04,0
51320,71414,23.01,-0.01,0.00,1.02,0
51360,71509,23.09,0.00,0.00,1.01,0
51400,71613,23.10,-0.01,-0.00,0.98,0
51440,71609,23.10,0.00,-0.01,1.00,0
51480,71480,22.93,-0.00,0.01,1.01,0
51520,71356,23.11,-0.00,0.00,1.01,0
51560,71321,22.95,-0.01,0.01,0.99,0
51600,71326,22.98,0.02,-0.00,1.03,0
51640,71308,22.98,0.00,-0.01,1.00,0
51680,71265,23.00,-0.01,0.00,1.00,0
51720,71295,22.99,0.02,-0.00,0.98,0
51760,71416,23.06,-0.01,-0.03,0.99,0
51800,71540,22.95,0.01,0.01,0.99,0
51840,71555,23.00,-0.01,-0.00,1.03,0
51880,71464,23.04,0.01,-0.00,1.01,0
51920,71378,23.02,-0.01,0.00,0.99,0
51960,71351,22.94,0.01,-0.01,0.99,0
52000,71329,23.06,0.00,0.00,1.01,0
52040,71255,22.96,-0.01,-0.00,1.03,0
52080,71171,22.96,-0.00,0.00,0.99,0
52120,71186,23.01,0.00,-0.00,1.01,0
52160,71309,23.04,-0.01,0.01,1.03,0
52200,71445,23.00,-0.02,0.00,1.02,0
52240,71463,22.90,0.01,0.02,1.00,0
52280,71412,22.96,0.01,-0.01,1.02,0
52320,71379,23.03,0.01,-0.01,1.02,0
52360,71381,22.98,0.00,0.01,1.01,0
52400,71349,23.01,-0.00,-0.01,1.00,0
52440,71233,23.05,-0.01,-0.01,1.00,0
52480,71123,23.00,0.02,-0.00,0.99,0
52520,71110,23.03,-0.01,-0.02,1.01,0
52560,71213,23.00,-0.01,0.01,0.99,0
52600,71319,22.94,0.01,-0.01,0.97,0
52640,71349,23.04,0.00,0.01,0.99,0
52680,71339,23.04,0.01,0.00,1.00,0
52720,71368,22.98,-0.01,-0.01,1.01,0
52760,71406,23.07,-0.00,0.01,0.99,0
52800,71372,22.97,-0.01,0.00,0.99,0
52840,71229,22.96,-0.02,0.01,1.00,0
52880,71094,23.01,-0.00,0.01,1.01,0
52920,71067,22.97,0.01,-0.00,0.99,0
52960,71141,23.03,0.01,0.00,0.98,0
53000,71211,23.04,0.02,0.00,1.01,0
53040,71217,23.04,0.01,0.02,0.99,0
53080,71239,22.96,-0.01,0.01,1.01,0
53120,71314,22.93,-0.01,-0.01,1.00,0
53160,71396,23.04,-0.01,-0.00,0.99,0
53200,71373,22.96,-0.00,0.00,0.98,0
53240,71232,23.02,-0.01,-0.01,1.01,0
53280,71096,22.98,0.00,-0.00,1.00,0
53320,71064,23.02,0.01,-0.00,1.00,0
53360,71101,22.96,0.01,0.02,0.98,0
53400,71109,23.01,-0.01,0.01,1.04,0
53440,71092,22.90,-0.01,0.01,1.00,0
53480,71119,22.96,0.02,-0.01,0.99,0
53520,71240,22.98,0.00,0.01,1.00,0
54160,71099,22.96,-0.01,-0.01,0.99,0
54200,71000,23.02,0.00,-0.01,1.01,0
54240,70906,22.91,0.01,0.01,1.00,0
54280,70918,22.98,0.01,0.02,0.99,0
54320,71039,22.95,-0.00,-0.00,0.99,0
54360,71159,23.02,0.00,0.01,0.98,0
54400,71197,23.00,-0.00,-0.00,0.98,0
54440,71157,22.97,-0.01,-0.01,1.01,0
54480,71153,22.99,0.01,0.00,1.02,0
54520,71166,23.04,-0.02,-0.01,1.02,0
54560,71129,23.02,-0.00,-0.00,1.01,0
54600,71003,22.99,0.01,-0.01,1.00,0
54640,70867,23.00,0.00,-0.00,1.00,0
54680,70859,22.98,0.00,0.01,1.00,0
54720,70956,22.99,-0.01,-0.00,1.00,0
54760,70956,23.00,0.02,0.01,0.98,0
54800,71076,22.93,0.00,-0.02,1.01,0
54840,71079,23.00,-0.01,-0.00,1.02,0
54880,71125,23.04,-0.00,-0.02,1.02,0
54920,71184,23.04,0.00,0.00,1.01,0
54960,71154,23.01,0.00,0.00,0.98,0
55000,71009,22.98,-0.00,-0.02,0.99,0
55040,70876,22.99,-0.01,-0.00,1.02,0
55080,70842,22.99,-0.01,0.00,0.99,0
55120,70906,22.98,-0.01,-0.01,0.99,0
55160,70949,22.97,0.01,0.00,1.02,0
55200,70951,22.97,-0.01,-0.00,1.00,0
55240,70972,23.02,-0.00,-0.01,0.97,0
55280,71065,23.01,0.01,-0.00,1.01,0
55320,71159,23.04,0.01,0.01,0.99,0
55360,71143,23.08,0.01,0.01,1.00,0
55400,71021,22.99,-0.01,-0.00,0.99,0
55440,70893,22.94,0.00,0.02,0.97,0
55480,70855,23.05,0.02,0.01,1.00,0
55520,70877,22.97,0.00,0.01,1.00,0
55560,70866,23.00,0.01,0.01,1.03,0
55600,70830,23.03,-0.01,-0.00,1.00,0
55640,70858,22.99,-0.01,0.00,1.00,0
55680,70988,22.97,0.01,0.00,0.99,0
55720,71111,22.98,0.01,0.00,0.99,0
55760,71109,23.01,0.01,0.01,0.99,0
55800,71018,22.98,-0.01,0.00,1.00,0
55840,70925,23.04,-0.00,-0.01,0.98,0
55880,70898,23.07,0.01,-0.01,0.99,0
55920,70879,22.95,0.01,0.00,0.99,0
55960,70818,23.03,-0.02,-0.01,0.99,0
56000,70735,23.02,-0.02,0.02,0.99,0
56040,70765,22.98,-0.00,-0.01,1.02,0
56080,70892,23.00,-0.02,-0.00,0.97,0
56120,71019,22.95,-0.01,0.01,1.03,0
56160,71043,23.06,-0.01,-0.01,1.01,0
56200,70987,23.03,-0.00,0.01,0.99,0
56240,70944,23.04,-0.00,-0.02,1.01,0
56280,70945,22.98,-0.01,-0.01,1.00,0
56320,70904,22.98,-0.00,-0.01,1.02,0
56360,70797,22.99,-0.02,-0.01,1.02,0
56400,70681,22.96,0.00,-0.00,1.02,0
56440,70679,22.98,0.00,0.01,1.04,0
56480,70798,23.05,-0.00,0.01,1.00,0
56520,70919,22.96,0.01,-0.02,1.00,0
56560,70944,22.99,0.01,0.00,1.01,0
56600,70927,23.00,-0.01,-0.00,1.02,0
56640,70941,23.00,0.00,-0.01,0.98,0
56680,70970,22.94,0.00,-0.00,1.02,0
56720,70929,22.95,0.01,-0.00,0.99,0
56760,70803,22.96,-0.01,0.01,1.00,0
56800,70672,23.09,-0.01,0.02,0.99,0
56840,70654,23.04,0.02,-0.02,0.99,0
56880,70731,23.06,0.03,-0.01,0.99,0
56920,70802,23.07,0.01,0.01,1.01,0
56960,70820,22.98,0.02,-0.01,0.99,0
57000,70833,23.00,0.01,-0.02,0.98,0
57040,70898,23.00,0.01,-0.01,1.01,0
57080,70987,23.02,0.01,-0.02,1.00,0
57120,70957,22.90,-0.01,-0.01,1.01,0
57160,70819,23.03,0.01,-0.01,1.01,0
57200,70684,22.96,0.00,0.01,1.02,0
57240,70644,22.98,0.01,-0.00,1.01,0
57280,70685,23.05,-0.00,0.01,0.97,0
57320,70717,22.99,0.01,0.00,1.00,0
57360,70703,23.00,-0.00,-0.01,1.01,0
57400,70733,22.98,-0.01,0.02,1.01,0
57440,70844,23.10,-0.01,0.00,0.98,0
57480,70950,22.91,-0.01,0.01,1.02,0
57520,70945,23.03,-0.01,-0.02,0.99,0
57560,70833,23.03,0.01,-0.03,0.98,0
57600,70718,22.97,0.00,0.01,1.00,0
57640,70680,23.01,-0.03,-0.01,0.99,0
57680,70683,22.98,-0.01,-0.00,1.00,0
57720,70648,22.97,-0.00,0.00,1.00,0
57760,70601,22.98,0.01,0.01,0.99,0
57800,70629,22.91,0.01,-0.00,0.98,0
57840,70757,22.95,0.00,0.01,1.01,0
57880,70884,22.97,-0.00,-0.00,1.00,0
57920,70902,23.03,0.00,0.01,1.01,0
57960,70820,22.94,-0.00,0.01,0.99,0
58000,70743,22.94,-0.00,-0.01,1.00,0
58040,70728,23.02,-0.01,0.01,0.98,0
58080,70703,22.98,-0.00,-0.01,1.00,0
58120,70610,22.98,-0.01,0.03,1.04,0
58160,70528,22.98,0.00,-0.01,0.99,0
58200,70545,23.02,0.00,-0.01,0.99,0
58240,70671,22.99,0.00,-0.01,0.98,0
58280,70794,22.90,0.01,0.01,1.00,0
58320,70829,22.99,0.01,0.01,1.01,0
58360,70788,22.97,-0.01,0.00,0.99,0
58400,70761,23.01,-0.01,0.01,1.01,0
58440,70777,23.00,0.01,-0.00,0.98,0
58480,70732,23.04,0.01,0.00,1.02,0
58520,70612,23.01,0.01,0.01,0.99,0
58560,70494,23.05,-0.01,-0.02,1.00,0
58600,70494,23.10,0.00,0.01,1.00,0
58640,70590,22.98,-0.01,0.01,0.99,0
58680,70695,22.96,-0.01,-0.01,1.01,0
58720,70719,22.90,-0.01,0.00,1.00,0
58760,70716,23.03,-0.02,-0.00,0.99,0
58800,70756,22.95,-0.01,0.01,0.98,0
58840,70810,23.07,0.00,-0.01,0.99,0
58880,70770,23.02,-0.02,-0.00,0.99,0
58920,70637,22.99,0.00,-0.01,0.99,0
58960,70500,23.04,-0.00,0.00,1.00,0
59000,70464,22.85,0.01,0.01,0.99,0
59040,70535,22.97,-0.00,0.00,0.98,0
59080,70600,23.00,-0.00,0.00,1.00,0
59120,70597,22.97,0.00,-0.01,1.00,0
59160,70623,22.96,-0.01,-0.00,1.00,0
59200,70711,23.06,-0.02,-0.01,0.99,0
59240,70801,23.05,0.01,-0.00,0.99,0
59280,70786,23.02,0.01,0.00,0.98,0
59320,70650,23.03,0.01,-0.00,1.03,0
59360,70522,22.94,-0.02,-0.01,0.98,0
59400,70482,23.08,0.00,-0.00,0.99,0
59440,70515,23.02,0.00,-0.00,0.99,0
59480,70517,23.00,-0.02,-0.02,1.01,0
59520,70492,22.99,-0.00,-0.02,0.99,0
59560,70519,22.97,0.01,-0.02,1.01,0
59600,70641,23.00,-0.01,-0.02,1.03,0
59640,70760,22.99,0.00,0.00,0.98,0
59680,70763,23.08,0.01,-0.02,1.00,0
59720,70667,23.07,0.00,-0.01,1.01,0
59760,70558,22.97,0.01,0.02,1.01,0
59800,70535,23.08,0.00,0.01,0.97,0
59840,70521,22.94,0.02,0.00,1.00,0
59880,70465,23.04,0.01,0.02,1.00,0
59920,70405,22.99,-0.01,0.00,1.01,0
59960,70423,23.10,-0.01,0.00,0.98,0
60000,70558,23.10,0.01,0.02,1.02,0
60040,70693,23.00,-0.01,0.00,0.99,0
60080,70712,23.05,-0.00,0.01,1.01,0
60120,70645,23.06,-0.00,0.00,1.02,0
60160,70595,23.02,0.00,0.00,0.99,0
60200,70577,23.06,-0.00,0.01,1.02,0
60240,70552,23.00,-0.00,-0.00,1.01,0
60280,70454,23.08,-0.00,-0.01,1.00,0
60320,70346,23.02,0.01,-0.01,1.01,0
60360,70351,23.06,-0.00,-0.00,1.02,0
60400,70479,22.95,0.01,0.01,1.03,0
60440,70589,22.98,-0.01,0.01,1.00,0
60480,70625,22.99,0.00,-0.02,1.03,0
60520,70605,23.07,0.02,-0.00,0.98,0
60560,70600,23.01,0.01,0.00,0.97,0
60600,70637,22.99,-0.00,-0.01,1.01,0
60640,70591,22.92,-0.02,-0.00,1.00,0
60680,70461,23.01,-0.01,-0.02,0.99,0
60720,70329,22.97,-0.01,-0.01,1.00,0
60760,70313,23.02,0.01,0.00,0.99,0
60800,70397,23.02,0.01,-0.01,1.00,0
60840,70494,23.04,0.01,0.02,1.00,0
60880,70516,23.07,0.00,0.01,0.97,0
60920,70528,23.01,-0.01,0.01,0.99,0
60960,70584,22.95,0.02,-0.01,1.00,0
61000,70662,23.07,-0.01,0.00,0.98,0
61040,70637,23.04,0.01,-0.01,1.00,0
61080,70497,22.95,0.01,0.00,0.99,0
61120,70371,22.93,0.01,0.01,1.01,0
61160,70333,23.07,0.00,0.00,0.97,0
61200,70391,23.01,-0.02,-0.01,1.01,0
61240,70422,22.99,-0.01,-0.01,0.99,0
61280,70437,23.04,0.01,-0.00,1.03,0
61320,70462,23.01,0.00,-0.01,1.02,0
61360,70564,23.08,-0.00,0.01,1.01,0
61400,70675,23.00,0.01,0.00,0.97,0
61440,70663,23.05,0.01,0.01,0.99,0
61480,70555,22.98,0.00,0.01,1.00,0
61520,70432,22.96,-0.00,0.01,1.02,0
61560,70395,23.02,0.03,-0.01,0.97,0
61600,70410,22.94,-0.01,-0.00,1.00,0
61640,70398,23.06,-0.01,0.01,1.02,0
61680,70356,22.93,-0.02,0.00,0.99,0
61720,70386,23.08,0.01,0.01,0.99,0
61760,70524,23.02,-0.00,-0.00,0.99,0
61800,70649,23.01,0.02,0.00,0.99,0
61840,70668,23.06,0.00,0.03,0.98,0
61880,70585,23.02,-0.00,0.02,1.01,0
61920,70499,22.95,-0.00,-0.02,1.01,0
61960,70477,22.93,-0.01,-0.02,0.98,0
62000,70458,23.06,-0.01,-0.00,0.98,0
62040,70393,22.99,-0.01,-0.00,1.00,0
62080,70319,23.06,-0.02,-0.01,1.00,0
62120,70335,22.90,-0.02,0.02,0.98,0
62160,70468,23.15,-0.00,0.01,1.01,0
62200,70597,23.02,0.01,0.01,1.00,0
62240,70633,23.02,-0.01,-0.01,1.01,0
62280,70582,23.08,-0.01,-0.02,1.02,0
62320,70559,22.95,0.00,0.01,0.98,0
62360,70561,23.04,0.03,-0.01,0.99,0
62400,70530,23.01,-0.01,0.01,1.02,0
62440,70422,23.01,0.00,-0.01,0.98,0
62480,70307,23.00,0.01,-0.01,0.98,0
62520,70312,23.01,0.00,0.01,1.01,0
62560,70415,23.14,-0.00,-0.02,1.00,0
62600,70528,22.94,0.01,-0.01,0.98,0
62640,70563,23.03,0.01,0.00,0.99,0
62680,70560,23.09,-0.00,-0.00,1.00,0
62720,70580,22.98,0.00,-0.01,1.02,0
62760,70626,23.00,-0.02,-0.00,0.99,0
62800,70599,23.01,-0.01,0.00,0.98,0
62840,70468,23.01,-0.01,-0.01,1.01,0
62880,70345,22.98,0.00,0.01,0.99,0
62920,70315,22.91,-0.01,-0.01,1.03,0
62960,70398,23.02,0.00,-0.01,0.98,0
63000,70469,22.99,0.01,-0.00,0.99,0
63040,70480,22.99,0.01,-0.01,0.98,0
63080,70508,23.00,-0.02,-0.00,1.00,0
63120,70584,23.06,-0.01,-0.01,0.99,0
63160,70661,22.98,0.01,-0.01,1.00,0
63200,70658,23.03,-0.01,-0.02,1.01,0
63240,70521,22.98,0.01,-0.01,0.98,0
63280,70392,23.06,-0.01,-0.02,0.97,0
63320,70363,23.05,-0.01,-0.01,0.96,0
63360,70398,22.99,0.01,0.01,1.00,0
63400,70418,23.01,-0.01,0.02,1.00,0
63440,70399,22.99,-0.02,0.01,0.99,0
63480,70433,23.04,-0.00,0.01,1.01,0
63520,70551,22.96,-0.00,-0.01,0.99,0
63560,70662,23.06,-0.02,0.00,1.00,0
63600,70673,22.98,0.01,0.00,1.01,0
63640,70567,22.96,-0.01,0.01,1.01,0
63680,70462,22.93,0.02,-0.01,1.02,0
63720,70427,23.08,0.02,-0.00,1.01,0
63760,70433,23.01,-0.00,0.01,1.03,0
63800,70398,22.95,0.01,-0.00,1.01,0
63840,70345,22.96,-0.01,-0.02,1.01,0
63880,70368,22.89,-0.00,0.00,1.00,0
63920,70503,23.04,0.00,0.01,1.02,0
63960,70627,23.07,-0.01,0.01,1.00,0
64000,70657,22.97,0.01,-0.01,1.00,0
64040,70579,23.05,-0.00,-0.00,1.00,0
64080,70526,23.02,-0.01,-0.01,0.99,0
64120,70510,23.03,-0.01,-0.01,0.99,0
64160,70493,23.05,0.01,0.01,1.00,0
64200,70400,23.04,0.00,-0.00,0.99,0
64240,70303,23.03,0.00,-0.01,0.99,0
64280,70316,22.97,0.02,0.00,1.00,0
64320,70447,23.02,-0.01,0.01,1.02,0
64360,70576,22.95,0.01,-0.01,1.00,0
64400,70606,23.13,0.00,0.01,1.00,0
64440,70575,23.01,-0.00,0.00,1.00,0
64480,70575,22.94,0.00,0.01,1.00,0
64520,70590,23.08,0.00,0.00,0.98,0
64560,70565,23.09,-0.01,-0.01,1.00,0
64600,70438,22.94,0.01,-0.01,0.99,0
64640,70316,22.96,0.01,0.00,0.99,0
64680,70311,22.95,0.01,-0.00,0.98,0
64720,70403,22.89,-0.02,0.01,0.99,0
64760,70500,23.02,-0.00,-0.01,1.00,0
64800,70525,23.01,-0.00,-0.02,1.03,0
64840,70534,23.02,-0.00,-0.00,1.01,0
64880,70590,23.10,-0.00,0.00,1.01,0
64920,70650,23.00,-0.01,-0.01,0.98,0
64960,70622,22.97,-0.02,-0.01,0.97,0
65000,70490,22.99,0.01,0.00,0.99,0
65040,70351,22.99,0.02,-0.00,0.98,0
65080,70327,23.06,0.00,-0.01,0.98,0
65120,70388,22.82,0.00,-0.00,0.96,0
65160,70437,22.98,0.02,-0.00,1.00,0
65200,70445,22.98,0.00,-0.01,1.00,0
65240,70474,23.04,-0.00,0.00,0.99,0
65280,70571,23.01,-0.00,0.00,1.00,0
65320,70672,23.05,0.01,-0.03,0.98,0
65560,71146,23.01,0.01,-0.00,0.98,0
65600,71256,23.05,0.01,-0.02,0.99,0
65640,71367,22.99,0.00,0.01,1.00,0
65680,71477,23.00,-0.01,-0.02,0.99,0
65720,71580,22.98,-0.00,0.02,1.02,0
65760,71692,23.08,-0.00,0.01,0.98,0
65800,71800,23.06,0.00,0.03,0.99,0
65840,71906,23.01,0.01,-0.01,0.99,0
65880,72010,22.94,-0.01,0.00,1.00,0
65920,72118,22.98,0.00,0.00,0.99,0
65960,72220,22.94,-0.00,0.01,1.01,0
66000,72335,22.97,-0.00,0.01,0.98,0
66040,72425,23.08,0.01,-0.02,1.00,0
66080,72536,22.95,0.00,-0.00,1.00,0
66120,72641,22.99,-0.00,-0.01,1.02,0
66160,72746,22.98,0.02,0.00,1.02,0
66200,72847,23.05,-0.02,-0.00,1.02,0
66240,72950,23.07,0.01,0.01,1.01,0
66280,73054,22.98,-0.00,-0.00,1.02,0
66320,73155,23.02,-0.01,0.01,0.99,0
66360,73253,23.05,0.00,0.00,1.00,0
66400,73361,23.07,0.01,0.01,0.98,0
66440,73459,22.87,0.01,0.01,0.99,0
66480,73563,22.99,-0.01,0.01,1.01,0
66520,73666,23.03,-0.00,0.00,1.00,0
66560,73761,23.11,-0.00,0.01,1.01,0
66600,73862,22.96,-0.03,0.01,1.00,0
66640,73963,23.01,-0.02,0.01,1.00,0
66680,74057,22.91,-0.01,-0.01,1.01,0
66720,74158,22.93,0.02,0.01,1.00,0
66760,74251,23.06,-0.01,0.00,1.02,0
66800,74353,22.98,-0.01,0.01,1.03,0
66840,74456,22.95,-0.02,-0.00,1.01,0
66880,74553,22.98,-0.00,-0.01,1.01,0
66920,74648,23.00,-0.00,-0.00,1.02,0
66960,74740,23.00,0.00,-0.01,1.01,0
67000,74838,22.89,0.01,-0.00,0.99,0
67040,74941,23.04,0.01,-0.02,0.98,0
67080,75029,22.99,-0.01,0.01,1.01,0
67120,75131,22.98,0.02,-0.02,1.00,0
67160,75219,22.98,0.01,-0.01,1.03,0
67200,75320,23.02,0.00,-0.01,1.00,0
67240,75406,23.06,-0.01,-0.01,0.99,0
67280,75499,23.05,-0.01,0.00,1.00,0
67320,75600,22.96,0.01,0.02,0.98,0
67360,75687,23.02,-0.01,-0.02,1.03,0
67400,75785,22.86,0.01,-0.00,1.02,0
67440,75874,23.06,-0.01,-0.02,1.01,0
67480,75968,22.97,-0.00,0.01,1.00,0
67520,76059,22.96,0.01,0.01,1.01,0
67560,76151,22.92,-0.01,0.00,1.03,0
67600,76251,22.98,-0.01,0.02,1.00,0
67640,76338,23.02,0.00,-0.00,1.01,0
67680,76422,23.00,-0.00,-0.00,0.99,0
67720,76515,23.04,0.00,0.00,1.02,0
67760,76603,22.98,-0.01,-0.00,0.99,0
67800,76690,23.02,-0.00,-0.00,0.96,0
67840,76784,23.05,-0.01,-0.00,0.98,0
67880,76878,23.08,0.01,-0.01,0.99,0
67920,76961,22.94,-0.00,0.02,1.04,0
67960,77045,23.01,-0.01,-0.01,0.99,0
68000,77141,22.96,0.01,0.01,1.01,0
68040,77230,23.01,0.02,0.01,1.01,0
68080,77310,23.05,-0.00,-0.00,1.00,0
68120,77403,22.96,0.02,0.00,1.00,0
68160,77487,23.02,0.01,0.00,0.99,0
68200,77570,23.03,0.00,0.00,0.97,0
68240,77652,22.98,0.01,-0.00,0.97,0
68280,77746,23.04,0.01,0.00,1.00,0
68320,77826,23.02,-0.01,0.02,0.98,0
68360,77910,22.99,-0.01,0.01,0.99,0
68400,77999,22.96,-0.01,-0.00,1.00,0
68440,78086,22.98,0.00,-0.00,1.03,0
68480,78164,23.01,0.01,0.01,1.00,0
68520,78251,23.01,-0.00,0.00,0.99,0
68560,78332,23.05,0.00,-0.00,0.97,0
68600,78414,23.01,-0.01,-0.00,0.99,0
68640,78504,22.98,0.01,-0.00,1.00,0
68680,78587,22.95,0.00,-0.00,0.99,0
68720,78663,22.95,-0.00,0.00,0.99,0
68760,78663,22.91,-0.00,0.01,0.99,0
68800,78833,23.01,-0.00,-0.01,1.01,0
68840,78908,23.04,0.00,0.01,1.00,0
68880,78992,22.94,-0.00,0.01,0.99,0
68920,79072,22.99,0.01,-0.01,1.02,0
68960,79147,23.04,-0.00,0.02,1.01,0
69000,79230,23.08,0.01,0.00,1.00,0
69040,79312,22.91,-0.01,-0.01,0.99,0
69080,79393,23.08,-0.00,0.01,0.99,0
69120,79470,22.97,0.00,-0.00,1.00,0
69160,79551,23.03,-0.00,0.01,1.01,0
69200,79631,22.94,-0.00,-0.00,1.01,0
69240,79701,22.92,-0.00,-0.01,1.02,0
69280,79786,23.00,-0.01,-0.01,0.99,0
69320,79865,23.00,0.01,-0.00,0.98,0
69360,79940,22.96,-0.01,0.01,0.98,0
69400,80022,22.93,0.01,-0.02,0.99,0
69440,80087,22.97,-0.01,-0.00,1.02,0
69480,80087,23.01,0.01,-0.00,1.00,0
69520,80251,22.93,-0.01,-0.02,0.99,0
69560,80316,22.96,0.01,-0.00,1.01,0
69600,80401,23.06,0.00,-0.01,0.98,0
69640,80477,22.92,-0.00,-0.00,1.01,0
69680,80543,23.00,-0.01,0.00,1.03,0
69720,80633,23.01,-0.02,0.02,1.02,0
69760,80700,23.01,0.01,-0.00,0.98,0
69800,80782,22.96,0.01,-0.00,0.99,0
69840,80845,23.04,0.02,-0.01,1.01,0
69880,80925,23.02,0.01,0.01,1.02,0
69920,81005,22.90,-0.01,0.01,1.00,0
69960,81075,23.03,0.01,0.01,0.97,0
70000,81150,22.95,0.00,0.01,1.01,0
70040,81213,23.05,-0.00,0.00,0.98,0
70080,81285,23.01,-0.02,-0.01,1.01,0
70120,81360,23.07,-0.01,0.02,0.97,0
70160,81433,23.02,0.00,0.02,1.00,0
70200,81509,23.08,-0.00,-0.00,0.97,0
70240,81573,22.97,-0.00,-0.00,1.00,0
70280,81650,23.02,-0.02,0.01,1.00,0
70320,81724,23.02,-0.03,0.00,1.01,0
70360,81791,22.95,0.01,0.01,0.99,0
70400,81865,22.94,-0.01,0.00,0.99,0
70440,81935,23.06,0.01,0.01,1.01,0
70480,81997,22.99,0.02,0.00,1.01,0
70520,82076,23.04,0.00,-0.01,0.98,0
70560,82145,23.08,0.01,-0.00,0.97,0
70600,82212,23.04,0.00,-0.00,0.99,0
70640,82282,22.92,-0.01,0.01,1.00,0
70680,82348,22.98,-0.00,-0.01,1.00,0
70720,82419,23.02,0.00,0.02,1.00,0
70760,82491,23.07,-0.01,0.00,0.99,0
70800,82549,23.06,0.00,0.01,0.98,0
70840,82627,22.94,0.00,-0.01,1.02,0
70880,82695,22.90,-0.00,0.01,1.00,0
70920,82757,22.96,-0.01,-0.01,0.96,0
70960,82828,22.99,0.00,0.01,0.99,0
71000,82886,23.06,0.02,-0.01,1.02,0
71040,82956,22.93,-0.01,0.02,1.00,0
71080,83028,22.93,0.01,0.00,0.99,0
71120,83095,23.05,-0.02,-0.01,0.99,0
71160,83155,23.07,-0.02,-0.00,0.99,0
71200,83222,22.98,-0.01,0.01,0.99,0
71240,83291,23.16,-0.01,-0.01,1.00,0
71280,83358,23.00,0.01,-0.01,1.00,0
71320,83413,22.96,-0.01,0.01,1.02,0
71360,83482,23.05,0.00,-0.01,1.01,0
71400,83549,23.03,0.00,0.01,0.98,0
71440,83607,22.91,-0.02,0.00,0.97,0
71480,83679,22.91,-0.00,0.02,1.00,0
71520,83734,23.00,-0.01,0.02,0.99,0
71560,83809,22.99,0.02,-0.00,1.01,0
71600,83871,22.99,0.01,0.00,0.98,0
71640,83930,22.96,0.00,-0.02,1.00,0
71680,83990,22.95,-0.01,-0.00,0.98,0
71720,84053,23.03,-0.01,0.00,1.01,0
71760,84121,22.97,-0.01,0.02,1.01,0
71800,84181,22.89,0.00,0.02,0.99,0
71840,84244,22.94,-0.00,-0.01,1.01,0
71880,84305,22.97,0.00,-0.02,1.01,0
71920,84362,23.04,-0.01,0.02,0.99,0
71960,84427,23.00,0.00,-0.01,1.01,0
72000,84487,22.99,-0.01,-0.01,0.99,0
72040,84545,23.02,-0.01,0.01,0.99,0
72080,84611,23.12,0.01,0.00,1.00,0
72120,84667,22.95,-0.01,-0.00,1.00,0
72160,84726,22.96,0.01,0.00,1.02,0
72200,84793,23.02,0.01,-0.01,1.00,0
72240,84848,23.02,0.01,-0.01,1.01,0
72280,84907,23.00,0.02,0.01,1.00,0
72320,84964,22.93,0.00,-0.01,1.01,0
72360,85031,23.05,-0.01,-0.01,1.00,0
72400,85082,22.98,0.01,0.00,0.97,0
72440,85141,22.95,-0.01,0.01,1.01,0
72480,85210,22.97,0.00,-0.01,1.00,0
72520,85252,22.99,0.01,-0.00,1.01,0
72560,85316,22.98,-0.00,-0.01,0.97,0
72600,85381,22.97,-0.02,-0.00,0.98,0
72640,85437,22.99,-0.01,-0.00,1.01,0
72680,85492,23.04,0.00,0.00,1.01,0
72720,85551,23.05,0.01,0.00,1.01,0
72760,85600,22.97,0.02,0.01,1.00,0
72800,85662,22.98,-0.01,-0.01,0.99,0
72840,85725,22.95,-0.01,-0.00,0.97,0
72880,85778,22.99,-0.00,-0.01,1.03,0
72920,85828,22.99,-0.00,0.01,1.02,0
72960,85888,22.96,0.00,0.02,1.00,0
73000,85944,23.07,-0.00,-0.00,1.02,0
73040,85996,23.02,-0.01,0.02,1.02,0
73080,86052,22.98,0.00,0.00,0.97,0
73120,86106,22.99,0.00,0.00,1.01,0
73160,86158,23.01,0.00,-0.00,1.00,0
73200,86220,23.08,-0.00,-0.00,1.02,0
73240,86277,22.98,-0.00,0.01,0.99,0
73280,86330,23.01,-0.01,-0.01,1.00,0
73320,86382,23.13,0.01,0.01,1.01,0
73360,86438,22.97,-0.01,0.01,1.00,0
73400,86486,22.94,-0.00,0.00,1.02,0
73440,86550,23.00,-0.00,0.01,1.00,0
73480,86601,23.02,-0.01,-0.01,0.98,0
73520,86651,23.01,0.00,0.00,1.00,0
73560,86706,22.98,-0.01,0.00,1.01,0
73600,86759,23.00,-0.01,-0.00,0.98,0
73640,86813,22.95,0.02,-0.01,0.98,0
73680,86859,22.97,-0.01,0.00,0.99,0
73720,86907,23.02,0.02,-0.01,1.01,0
73760,86961,23.04,0.00,0.01,1.00,0
73800,87017,23.00,-0.00,0.00,1.00,0
73840,87073,23.04,-0.01,0.00,0.99,0
73880,87117,22.98,0.01,-0.01,1.02,0
73920,87173,22.96,0.02,-0.00,1.02,0
73960,87221,23.03,-0.01,0.01,0.97,0
74000,87274,22.97,0.00,-0.00,0.99,0
74040,87320,23.07,0.02,-0.01,0.98,0
74080,87376,23.03,0.02,-0.01,1.01,0
74120,87421,22.99,0.01,0.00,1.01,0
74160,87479,23.05,0.01,-0.01,0.99,0
74200,87529,22.90,0.01,-0.01,0.99,0
74240,87574,22.95,-0.01,-0.00,0.97,0
74280,87628,22.98,0.01,0.00,1.01,0
74320,87682,22.95,0.01,-0.00,1.02,0
74360,87728,23.05,0.00,0.00,0.99,0
74400,87767,22.99,-0.00,-0.01,1.00,0
74440,87830,23.00,-0.01,-0.02,1.01,0
74480,87874,22.93,-0.01,-0.02,0.99,0
74520,87925,23.02,0.01,-0.00,0.99,0
74560,87969,23.03,-0.00,-0.01,0.99,0
74600,88013,23.01,0.01,-0.01,1.02,0
74640,88066,22.88,-0.01,-0.01,1.03,0
74680,88116,23.12,-0.01,-0.02,0.98,0
74720,88161,22.85,-0.01,-0.01,1.00,0
74760,88206,23.05,-0.01,-0.01,0.99,0
74800,88253,22.99,0.00,0.01,0.98,0
74840,88302,23.03,-0.00,-0.00,1.00,0
74880,88346,23.01,-0.00,0.00,0.98,0
74920,88397,22.95,-0.00,0.01,1.01,0
74960,88441,23.02,0.02,0.01,1.00,0
75000,88485,23.03,-0.01,0.01,1.02,0
75040,88530,23.01,-0.01,-0.01,1.03,0
75080,88586,22.95,0.01,0.00,1.01,0
75120,88632,23.04,-0.00,-0.01,1.01,0
75160,88673,23.04,-0.02,-0.02,1.02,0
75200,88716,22.95,0.00,-0.00,1.00,0
75240,88767,22.92,-0.01,-0.01,0.97,0
75280,88815,22.94,0.01,0.00,1.01,0
75320,88854,23.04,0.02,0.00,0.99,0
75360,88902,22.97,-0.00,-0.01,1.02,0
75400,88945,22.99,-0.00,-0.01,1.01,0
75440,88993,22.96,-0.01,-0.01,1.03,0
75480,89035,22.95,-0.01,-0.00,1.00,0
75520,89082,22.89,-0.00,-0.01,0.98,0
75560,89129,23.07,-0.02,-0.00,1.01,0
75600,89168,23.13,0.01,0.00,1.01,0
75640,89205,23.05,0.00,-0.01,0.99,0
75680,89253,23.02,-0.01,0.01,0.98,0
75720,89299,22.98,-0.01,0.01,1.00,0
75760,89340,23.09,0.00,0.00,0.99,0
75800,89381,23.07,-0.00,-0.01,1.02,0
75840,89424,23.01,-0.01,-0.01,0.98,0
75880,89473,23.03,0.00,0.00,0.98,0
75920,89515,22.92,0.00,-0.01,0.99,0
75960,89553,23.01,-0.01,-0.01,1.04,0
76000,89601,22.91,-0.01,-0.01,0.98,0
76040,89636,22.99,-0.01,-0.02,0.97,0
76080,89683,23.09,0.00,0.00,0.98,0
76120,89720,23.00,-0.01,-0.00,1.01,0
76160,89768,22.99,0.02,0.01,1.02,0
76200,89809,22.99,-0.00,-0.01,1.03,0
76240,89847,22.99,0.01,-0.01,1.00,0
76280,89893,22.99,0.01,-0.00,0.99,0
76320,89928,22.98,-0.00,0.01,0.98,0
76360,89975,22.92,-0.00,-0.01,0.97,0
76400,90018,22.96,-0.01,0.00,0.97,0
76440,90052,23.01,-0.01,-0.01,0.99,0
76480,90097,22.97,-0.01,-0.01,0.99,0
76520,90133,23.06,0.00,-0.00,0.99,0
76560,90177,22.96,-0.01,0.00,1.02,0
76600,90215,22.98,-0.01,0.02,1.00,0
76640,90260,22.92,-0.01,-0.01,1.01,0
76680,90298,23.00,-0.01,-0.01,1.00,0
76720,90340,22.90,-0.01,-0.01,1.00,0
76760,90373,22.98,-0.00,0.00,1.00,0
76800,90415,23.04,0.00,0.00,1.04,0
76840,90451,23.06,0.01,-0.01,1.03,0
76880,90493,22.95,-0.02,0.01,1.01,0
76920,90530,23.02,0.00,-0.01,0.99,0
76960,90572,23.01,-0.00,-0.00,0.99,0
77000,90611,22.99,-0.00,0.01,1.02,0
77040,90649,23.04,0.01,-0.01,0.99,0
77080,90677,22.97,-0.00,-0.00,0.99,0
77120,90723,23.07,0.00,-0.00,0.99,0
77160,90764,23.02,-0.01,0.01,1.00,0
77200,90796,22.98,-0.01,0.00,1.01,0
77240,90839,23.03,0.01,-0.01,1.00,0
77280,90883,23.02,0.01,0.01,1.01,0
77320,90913,23.08,0.02,-0.01,0.97,0
77360,90948,22.97,0.00,0.02,0.98,0
77400,90990,23.02,0.01,-0.00,1.00,0
77440,91029,23.06,0.02,-0.00,1.01,0
77480,91068,23.08,-0.01,-0.01,1.01,0
77520,91105,22.99,0.01,-0.02,1.02,0
77560,91134,23.01,0.01,0.00,1.01,0
77600,91182,23.00,-0.00,0.02,1.00,0
77640,91217,22.98,-0.00,-0.03,1.01,0
77680,91249,22.92,-0.00,0.00,1.01,0
77720,91288,22.95,0.01,-0.02,1.00,0
77760,91319,23.03,0.01,0.01,0.97,0
77800,91356,23.02,-0.01,0.02,0.99,0
77840,91391,22.89,0.02,0.00,1.02,0
77880,91422,22.96,0.01,0.01,0.99,0
77920,91470,22.95,0.01,0.00,0.98,0
77960,91501,22.99,0.02,0.00,1.01,0
78000,91535,23.09,0.00,-0.01,0.99,0
78040,91570,23.08,0.00,-0.01,1.02,0
78080,91609,22.97,-0.00,-0.02,1.01,0
78120,91641,22.93,0.02,-0.00,1.02,0
78160,91681,22.97,0.00,-0.01,1.02,0
78200,91710,23.05,0.01,0.01,1.02,0
78240,91744,22.95,-0.00,-0.00,1.01,0
78280,91779,23.00,-0.01,-0.00,1.01,0
78320,91809,23.09,-0.00,0.00,1.00,0
78360,91848,23.04,0.01,-0.02,1.01,0
78400,91882,23.04,0.01,-0.01,0.99,0
78440,91913,23.05,-0.01,0.01,1.00,0
78480,91952,23.04,0.00,0.00,1.00,0
78520,91983,23.08,-0.01,-0.00,1.03,0
78560,92019,22.95,-0.01,0.01,1.03,0
78600,92048,23.02,0.00,0.01,1.02,0
78640,92085,23.05,0.00,-0.02,0.99,0
78680,92117,22.96,-0.02,0.02,1.02,0
78720,92147,23.00,0.02,-0.01,1.00,0
78760,92184,23.02,0.01,0.01,1.02,0
78800,92223,23.05,-0.00,0.02,1.02,0
78840,92244,23.00,-0.02,0.01,1.00,0
78880,92283,22.97,-0.00,0.01,1.01,0
78920,92311,23.04,-0.00,0.01,1.00,0
78960,92349,23.03,-0.02,-0.00,0.99,0
79000,92375,23.03,0.00,0.00,1.01,0
79040,92413,23.07,0.01,0.01,1.02,0
79080,92446,23.05,-0.01,-0.00,1.02,0
79120,92469,23.00,-0.01,-0.01,1.02,0
79160,92508,23.02,-0.00,0.00,0.99,0
79200,92543,23.03,0.00,-0.00,1.01,0
79240,92570,22.97,0.01,-0.01,0.99,0
79280,92605,23.04,-0.00,0.02,1.00,0
79320,92642,23.05,0.01,-0.01,1.02,0
79360,92671,22.99,0.02,-0.01,0.99,0
79400,92698,23.01,0.01,0.00,1.01,0
79440,92726,22.97,0.01,0.01,1.00,0
79480,92761,22.97,0.01,0.02,0.99,0
79520,92782,22.97,-0.01,0.01,1.02,0
79560,92820,23.02,-0.02,0.01,0.99,0
79600,92852,22.95,-0.00,0.01,1.00,0
79640,92885,22.94,0.00,-0.01,1.01,0
79680,92915,22.99,0.01,-0.01,1.02,0
79720,92952,22.96,0.01,0.01,1.01,0
79760,92977,23.04,-0.02,0.02,1.00,0
79800,93001,22.96,0.01,0.01,1.00,0
79840,93029,23.02,-0.01,0.01,1.01,0
79880,93060,22.94,-0.01,-0.02,0.98,0
79920,93094,23.09,-0.00,-0.01,1.02,0
79960,93121,22.99,0.01,-0.01,0.99,0
80000,93148,23.00,-0.01,-0.01,1.04,0
80040,93176,22.97,0.00,-0.01,1.00,0
80080,93207,22.98,-0.01,0.00,0.99,0
80120,93235,23.07,0.01,-0.01,0.98,0
80160,93268,23.07,-0.00,-0.00,1.00,0
80200,93291,23.10,0.01,0.00,1.00,0
80240,93331,22.98,-0.01,0.00,0.98,0
80280,93351,23.05,0.01,0.02,1.00,0
80320,93380,23.07,-0.00,0.00,0.99,0
80360,93412,22.98,0.00,0.00,0.99,0
80400,93437,22.95,0.01,-0.01,1.01,0
80440,93462,23.04,0.00,0.01,0.97,0
80480,93493,23.03,-0.00,-0.02,1.01,0
80520,93528,22.97,0.01,0.00,1.02,0
80560,93554,22.95,0.00,-0.01,1.04,0
80600,93578,22.96,-0.01,-0.02,1.02,0
80640,93612,22.99,0.01,-0.01,0.99,0
80680,93634,22.93,0.00,-0.00,0.99,0
80720,93663,23.02,-0.01,-0.01,0.99,0
80760,93694,23.02,0.02,0.00,1.02,0
80800,93715,23.10,0.01,-0.02,0.98,0
80840,93747,23.00,-0.01,-0.01,1.03,0
80880,93769,23.03,0.00,0.01,1.03,0
80920,93799,23.03,-0.00,0.01,1.03,0
80960,93833,23.04,0.00,-0.01,1.00,0
81000,93847,23.00,0.02,-0.00,0.99,0
81040,93885,23.04,-0.02,-0.02,1.01,0
81080,93905,22.89,0.00,0.00,0.97,0
81120,93927,23.06,0.01,-0.00,1.01,0
81160,93959,23.06,0.00,-0.01,1.00,0
81200,93988,22.96,-0.00,-0.01,1.01,0
81240,94011,22.98,-0.01,0.01,1.00,0
81280,94039,22.96,0.00,0.01,1.00,0
81320,94070,23.01,0.01,-0.00,1.01,0
81360,94089,22.91,-0.00,-0.00,1.02,0
81400,94121,23.00,-0.01,-0.01,0.99,0
81440,94144,23.04,-0.01,-0.02,1.02,0
81480,94172,22.99,0.01,0.01,1.01,0
81520,94203,23.07,0.00,0.00,1.01,0
81560,94220,22.95,0.01,0.00,1.00,0
81600,94246,22.94,-0.00,-0.00,0.99,0
81640,94264,22.99,0.01,-0.00,1.01,0
81680,94298,22.98,0.01,0.00,1.00,0
81720,94323,22.99,0.01,0.01,1.02,0
81760,94352,23.02,-0.00,-0.01,1.01,0
81800,94373,22.93,0.00,0.00,1.00,0
81840,94399,23.02,-0.01,0.02,0.99,0
81880,94422,22.93,0.01,-0.00,1.00,0
81920,94448,22.99,0.00,0.00,1.01,0
81960,94471,22.96,0.01,0.02,0.98,0
82000,94500,22.90,0.00,-0.00,1.01,0
82040,94514,23.00,0.01,-0.00,0.99,0
82080,94546,23.03,0.00,-0.00,1.03,0
82120,94566,23.10,0.01,0.01,1.02,0
82160,94590,23.00,0.01,0.01,1.00,0
82200,94616,22.94,0.01,0.02,1.01,0
82240,94641,23.03,-0.01,0.01,0.99,0
82280,94670,23.04,0.00,0.01,0.99,0
82320,94688,23.10,0.02,0.00,0.98,0
82360,94716,23.01,0.01,-0.00,1.00,0
82400,94739,23.14,-0.01,0.00,0.97,0
82440,94763,23.01,-0.02,0.01,1.00,0
82480,94781,23.09,-0.00,0.00,1.01,0
82520,94811,22.98,0.02,0.01,0.99,0
82560,94832,23.04,-0.01,-0.01,1.02,0
82600,94857,23.03,-0.02,-0.01,1.02,0
82640,94877,22.94,-0.01,-0.00,0.98,0
82680,94899,23.09,0.01,-0.01,1.01,0
82720,94924,23.07,0.02,-0.00,1.02,0
82760,94954,22.89,0.00,0.01,0.99,0
82800,94976,22.95,-0.00,0.01,0.99,0
82840,95000,23.07,0.01,0.02,0.99,0
82880,95013,22.98,-0.02,-0.00,1.00,0
82920,95034,23.03,0.02,-0.01,1.01,0
82960,95065,23.06,-0.01,0.00,1.01,0
83000,95084,23.03,-0.01,-0.01,1.02,0
83040,95101,22.97,-0.01,0.00,0.99,0
83080,95119,23.00,0.00,-0.01,0.99,0
83120,95149,23.01,-0.01,0.01,1.00,0
83160,95166,23.01,-0.00,-0.00,1.02,0
83200,95190,23.04,-0.00,-0.01,1.02,0
83240,95219,22.98,-0.00,-0.01,1.01,0
83280,95236,23.04,-0.01,0.02,1.02,0
83320,95258,23.00,-0.03,0.03,1.01,0
83360,95277,22.93,-0.00,-0.01,0.99,0
83400,95310,23.02,0.01,0.01,1.02,0
83440,95321,23.00,0.01,-0.00,0.98,0
83480,95344,23.04,-0.00,0.01,0.98,0
83520,95369,23.09,0.00,0.01,1.00,0
83560,95393,22.96,-0.01,-0.00,0.98,0
83600,95411,23.04,-0.00,-0.01,1.00,0
83640,95434,22.97,-0.01,0.00,0.99,0
83680,95445,23.03,0.01,-0.01,1.00,0
83720,95475,22.97,0.00,0.01,1.02,0
83760,95495,22.98,0.00,-0.00,1.00,0
83800,95524,22.99,0.00,0.00,1.02,0
83840,95541,23.03,-0.01,-0.01,0.98,0
83880,95558,23.00,-0.02,-0.01,1.00,0
83920,95578,23.03,0.00,0.00,1.02,0
83960,95601,22.98,0.00,0.00,1.01,0
84000,95623,22.95,-0.00,0.00,1.00,0
84040,95640,23.00,-0.01,0.01,0.97,0
84080,95657,22.97,0.01,0.02,0.99,0
84120,95689,22.95,0.00,-0.00,1.02,0
84160,95703,23.05,-0.00,-0.00,0.99,0
84200,95720,23.01,-0.01,0.00,1.04,0
84240,95740,22.96,-0.01,0.00,1.02,0
84280,95759,23.00,-0.01,0.01,1.01,0
84320,95780,22.98,-0.01,0.01,1.01,0
84360,95797,23.07,0.00,0.01,0.99,0
84400,95823,22.98,0.02,0.00,1.01,0
84440,95843,23.09,-0.00,-0.00,1.01,0
84480,95860,23.03,-0.00,-0.00,0.97,0
84520,95880,22.93,0.00,-0.01,0.99,0
84560,95896,23.06,-0.01,0.00,1.01,0
84600,95915,23.07,0.01,-0.00,1.01,0
84640,95933,23.04,-0.01,-0.01,0.98,0
84680,95957,23.07,0.01,-0.00,1.00,0
84720,95971,23.01,-0.01,-0.02,1.01,0
84760,95994,22.99,-0.01,0.00,0.99,0
84800,96007,22.91,0.01,0.00,1.02,0
84840,96034,23.03,-0.00,-0.01,1.02,0
84880,96051,22.93,0.00,0.01,1.01,0
84920,96069,22.96,-0.00,0.01,1.01,0
84960,96088,22.97,0.01,0.01,0.99,0
85000,96106,23.01,-0.00,-0.00,0.99,0
85040,96130,22.92,-0.00,0.00,0.99,0
85080,96149,22.93,0.01,0.01,0.99,0
85120,96160,22.98,-0.00,-0.00,0.99,0
85160,96184,23.06,0.01,-0.00,1.01,0
85200,96199,22.92,-0.00,0.01,0.98,0
85240,96226,23.02,-0.02,-0.01,1.01,0
85280,96233,22.98,-0.00,0.01,1.01,0
85320,96252,23.03,0.02,-0.00,1.00,0
85360,96279,23.02,-0.02,0.00,1.02,0
85400,96296,23.03,0.01,0.01,1.01,0
85440,96311,22.93,0.01,-0.01,0.98,0
85480,96325,22.96,-0.02,-0.00,1.03,0
85520,96345,22.95,-0.01,0.02,1.01,0
85560,96363,23.03,-0.00,-0.01,0.99,0
85600,96379,23.14,-0.01,-0.00,1.03,0
85640,96400,22.84,0.00,0.00,1.01,0
85680,96424,23.06,0.02,-0.00,1.00,0
85720,96429,23.01,0.01,-0.01,0.99,0
85760,96453,23.09,-0.01,-0.01,1.01,0
85800,96467,23.00,0.00,0.00,0.99,0
85840,96490,22.99,0.02,0.00,0.97,0
85880,96509,23.06,0.01,-0.02,1.01,0
85920,96516,22.96,0.01,-0.01,1.01,0
85960,96540,23.02,0.00,0.01,0.99,0
86000,96555,23.00,-0.00,0.01,0.99,0
86040,96577,22.93,0.00,-0.00,1.00,0
86080,96590,22.89,0.02,0.01,1.04,0
86120,96603,22.96,-0.00,-0.01,1.01,0
86160,96624,22.99,0.01,-0.00,0.99,0
86200,96640,23.04,-0.01,-0.00,1.02,0
86240,96663,22.93,0.00,-0.01,0.97,0
86280,96672,22.97,0.01,-0.02,1.01,0
86320,96682,23.06,0.00,0.01,1.02,0
86360,96711,22.98,0.01,-0.01,1.02,0
86400,96723,23.04,0.01,0.01,0.98,0
86440,96740,23.01,-0.01,0.01,1.00,0
86480,96754,23.02,-0.01,-0.01,1.01,0
86520,96777,23.04,-0.00,0.01,1.01,0
86560,96789,23.06,-0.00,0.02,0.99,0
86600,96807,23.05,-0.01,0.00,1.00,0
86640,96816,22.98,0.01,-0.01,1.00,0
86680,96837,23.05,-0.01,0.01,1.01,0
86720,96854,23.03,0.01,0.01,1.01,0
86760,96866,23.01,-0.01,0.01,0.99,0
86800,96890,23.02,-0.01,-0.02,0.99,0
86840,96900,22.93,0.01,-0.01,1.01,0
86880,96913,23.11,0.00,-0.00,1.02,0
86920,96934,23.03,-0.00,-0.00,1.03,0
86960,96948,23.10,-0.01,0.02,1.00,0
87000,96956,23.05,0.00,0.01,1.04,0
87040,96982,22.96,0.00,-0.00,0.99,0
87080,96997,22.94,0.01,-0.03,1.01,0
87120,97008,23.05,0.01,0.01,0.97,0
87160,97023,23.02,-0.01,0.01,1.02,0
87200,97041,23.01,-0.00,0.01,1.02,0
87240,97054,23.07,0.00,0.03,0.99,0
87280,97067,22.98,0.01,-0.02,1.01,0
87320,97089,23.03,-0.02,0.00,1.01,0
87360,97100,23.06,0.02,0.03,1.00,0
87400,97112,23.14,-0.01,-0.01,1.02,0
87440,97132,23.00,-0.01,-0.00,1.00,0
87480,97146,23.01,-0.00,-0.01,0.98,0
87520,97163,22.99,0.01,-0.01,0.99,0
87560,97174,22.94,0.00,-0.01,1.01,0
87600,97194,23.03,-0.00,0.00,0.98,0
87640,97204,23.03,-0.01,-0.01,1.01,0
87680,97225,23.01,0.02,0.01,1.00,0
87720,97236,22.87,-0.01,-0.00,1.03,0
87760,97253,23.00,-0.00,0.01,1.00,0
87800,97265,23.03,-0.01,-0.01,1.01,0
87840,97277,22.98,-0.01,-0.01,0.99,0
87880,97292,23.03,-0.00,0.01,1.00,0
87920,97306,22.95,0.01,-0.01,1.00,0
87960,97319,23.05,-0.02,0.01,1.01,0
88000,97334,23.06,-0.00,0.00,1.01,0
88040,97352,23.00,-0.01,0.01,1.00,0
88080,97372,22.93,-0.01,-0.02,0.99,0
88120,97380,22.99,-0.01,-0.00,1.00,0
88160,97392,23.02,0.02,0.00,0.99,0
88200,97403,23.03,-0.00,0.01,0.96,0
88240,97424,23.02,-0.01,-0.01,0.99,0
88280,97439,22.97,0.01,0.01,1.00,0
88320,97442,22.99,0.01,-0.01,1.04,0
88360,97468,22.91,0.02,-0.00,1.00,0
88400,97470,22.94,0.00,-0.01,0.98,0
88440,97491,23.03,0.00,-0.02,1.03,0
88480,97498,23.01,0.01,-0.01,0.99,0
88520,97516,23.07,-0.00,0.00,1.01,0
88560,97528,22.94,-0.00,-0.01,0.98,0
88600,97552,23.04,0.01,0.00,0.99,0
88640,97559,23.00,0.00,-0.01,1.00,0
88680,97573,22.99,-0.00,0.00,0.99,0
88720,97579,22.99,0.00,0.02,1.01,0
88760,97602,22.96,0.01,0.02,1.01,0
88800,97606,23.06,-0.02,0.01,1.00,0
88840,97625,22.97,-0.01,0.02,0.97,0
88880,97638,22.98,-0.00,-0.00,1.02,0
88920,97648,23.10,0.01,-0.00,1.01,0
88960,97659,22.94,0.01,0.01,0.97,0
89000,97679,23.01,0.00,0.00,1.00,0
89040,97685,23.05,0.00,-0.00,1.01,0
89080,97708,23.04,0.01,-0.02,1.01,0
89120,97710,23.06,0.01,0.00,0.99,0
89160,97730,22.97,0.01,0.01,0.99,0
89200,97738,22.97,0.00,-0.02,0.98,0
89240,97750,22.99,0.00,0.01,1.02,0
89280,97763,23.01,-0.01,-0.01,1.01,0
89320,97781,22.99,-0.00,-0.00,1.00,0
89360,97794,23.02,-0.01,0.01,1.01,0
89400,97808,22.97,0.01,0.01,0.99,0
89440,97816,22.98,-0.01,0.00,0.99,0
89480,97832,22.99,0.01,0.00,1.01,0
89520,97846,22.92,0.01,-0.01,0.99,0
89560,97856,23.02,0.01,-0.00,0.99,0
89600,97870,23.11,-0.00,0.00,1.02,0
89640,97882,23.01,0.01,-0.00,0.99,0
89680,97884,22.92,0.00,-0.00,1.00,0
89720,97902,22.99,-0.01,-0.02,1.00,0
89760,97912,23.01,0.02,0.02,0.99,0
89800,97926,23.04,-0.01,0.00,1.00,0
89840,97943,23.00,0.00,0.02,1.02,0
89880,97953,23.07,0.01,0.01,1.00,0
89920,97958,22.97,-0.00,-0.00,1.00,0
89960,97972,22.97,-0.00,-0.01,1.01,0
90000,97985,22.97,0.00,0.01,1.01,0
90040,97994,23.05,0.01,0.01,1.02,0
90080,98013,22.99,-0.00,-0.01,0.99,0
90120,98023,22.96,0.02,-0.01,1.03,0
90160,98035,23.05,0.00,-0.01,0.98,0
90200,98044,23.05,-0.01,0.01,0.99,0
90240,98062,22.98,0.00,-0.02,1.00,0
90280,98075,23.03,0.01,-0.02,1.02,0
90320,98083,22.98,-0.01,0.01,1.00,0
90360,98097,23.02,0.02,-0.01,1.00,0
90400,98105,22.96,0.01,0.01,0.98,0
90440,98119,22.97,0.00,-0.00,0.98,0
90480,98130,23.00,0.02,0.01,1.03,0
90520,98139,23.01,-0.00,-0.01,1.03,0
90560,98151,22.97,0.00,0.00,0.98,0
90600,98156,22.99,0.00,0.01,1.01,0
90640,98171,23.03,0.01,-0.01,1.00,0
90680,98179,23.09,-0.02,0.00,1.00,0
90720,98192,22.97,0.01,-0.00,0.99,0
90760,98207,22.97,0.01,0.01,0.99,0
90800,98204,22.95,0.02,0.01,1.02,0
90840,98227,23.01,0.00,0.00,0.99,0
90880,98239,23.00,0.01,-0.00,1.00,0
90920,98247,23.01,0.01,-0.01,1.02,0
90960,98263,23.04,-0.01,-0.00,1.02,0
91000,98277,23.05,-0.00,-0.00,0.98,0
91040,98280,23.00,-0.01,0.00,0.97,0
91080,98297,23.00,-0.01,-0.01,0.99,0
91120,98305,23.00,-0.01,-0.01,1.01,0
91160,98317,23.01,-0.02,0.01,1.03,0
91200,98320,22.96,-0.01,-0.01,1.01,0
91240,98335,23.05,-0.00,-0.00,1.03,0
91280,98347,22.99,0.00,0.01,1.00,0
91320,98354,23.10,0.00,-0.00,1.03,0
91360,98361,22.98,0.01,-0.01,1.03,0
91400,98379,23.00,0.01,-0.00,0.98,0
91440,98388,22.91,0.01,-0.01,1.02,0
91480,98400,22.94,0.01,-0.02,1.02,0
91520,98399,22.99,0.00,-0.00,1.00,0
91560,98414,22.99,-0.01,0.01,1.00,0
91600,98425,23.01,-0.00,-0.02,0.98,0
91640,98436,23.04,0.00,0.01,1.01,0
91680,98442,23.05,0.01,-0.01,1.01,0
91720,98456,23.05,-0.03,-0.02,1.03,0
91760,98468,23.06,-0.00,-0.01,1.01,0
91800,98476,23.10,0.00,0.00,0.99,0
91840,98487,23.01,-0.01,-0.01,1.00,0
91880,98500,22.97,-0.00,-0.00,1.01,0
91920,98508,22.98,-0.00,0.00,0.98,0
91960,98519,23.04,0.01,0.01,1.00,0
92000,98530,22.99,0.01,0.00,1.00,0
92040,98538,22.98,-0.01,-0.02,1.00,0
92080,98555,23.06,0.01,0.01,0.98,0
92120,98557,23.04,-0.01,-0.01,1.00,0
92160,98568,23.03,0.01,-0.01,0.99,0
92200,98570,23.02,0.02,-0.01,0.98,0
92240,98592,22.98,-0.02,-0.00,0.97,0
92280,98599,22.93,-0.02,-0.01,1.02,0
92320,98607,23.02,0.01,0.00,0.98,0
92360,98617,23.04,-0.03,0.00,1.00,0
92400,98626,22.99,-0.00,0.01,1.03,0
92440,98628,23.04,0.02,0.01,1.00,0
92480,98649,23.00,-0.00,0.01,0.99,0
92520,98656,23.01,-0.01,0.02,0.99,0
92560,98664,23.02,-0.01,0.02,1.00,0
92600,98672,23.02,-0.01,0.00,1.02,0
92640,98681,23.02,0.01,0.01,1.01,0
92680,98687,22.98,0.01,-0.01,1.00,0
92720,98705,22.94,-0.01,-0.01,1.02,0
92760,98710,22.98,0.01,0.01,1.02,0
92800,98716,22.96,0.00,0.01,1.00,0
92840,98725,23.01,-0.01,0.00,1.01,0
92880,98735,23.06,0.00,0.00,1.00,0
92920,98737,22.99,0.01,0.00,1.04,0
92960,98754,23.04,-0.01,0.01,0.99,0
93000,98769,22.93,0.00,0.00,0.99,0
93040,98777,22.98,-0.01,0.00,1.03,0
93080,98783,23.02,-0.00,0.03,1.01,0
93120,98790,23.00,0.01,0.02,1.02,0
93160,98798,23.04,-0.02,0.03,0.99,0
93200,98806,23.02,-0.00,-0.01,0.99,0
93240,98815,22.99,0.01,0.00,1.02,0
93280,98823,23.04,-0.01,0.01,1.01,0
93320,98833,22.91,-0.00,-0.01,1.01,0
93360,98837,23.10,0.00,0.00,1.01,0
93400,98848,23.08,-0.00,0.00,1.00,0
93440,98861,23.01,-0.00,-0.02,1.00,0
93480,98870,23.03,0.01,0.01,1.00,0
93520,98878,23.11,0.00,-0.01,0.96,0
93560,98886,22.95,-0.00,0.01,1.03,0
93600,98897,22.95,-0.01,-0.00,1.00,0
93640,98908,22.90,0.00,0.00,1.01,0
93680,98912,23.03,0.00,0.01,1.01,0
93720,98926,23.00,-0.01,-0.01,0.99,0
93760,98926,23.03,0.00,0.00,1.00,0
93800,98941,23.11,-0.00,-0.01,0.99,0
93840,98948,22.98,-0.01,-0.01,1.01,0
93880,98951,23.07,-0.01,0.01,0.99,0
93920,98968,22.98,-0.01,0.00,0.99,0
93960,98974,22.98,0.01,-0.00,1.00,0
94000,98980,23.10,0.01,-0.00,1.01,0
94040,98989,22.99,-0.01,0.01,1.00,0
94080,99000,22.99,0.00,0.00,1.00,0
94120,99003,23.04,0.01,-0.01,0.99,0
94160,99019,23.03,0.01,-0.00,1.02,0
94200,99023,22.98,-0.01,-0.01,0.98,0
94240,99026,23.15,-0.01,-0.03,1.00,0
94280,99035,23.06,0.02,-0.00,1.01,0
94320,99046,22.94,0.00,0.01,1.00,0
94360,99051,23.00,0.01,0.00,0.99,0
94400,99063,23.02,-0.01,-0.00,0.99,0
94440,99069,22.87,-0.00,0.01,1.01,0
94480,99075,23.09,-0.01,0.01,0.98,0
94520,99089,22.96,-0.00,-0.00,1.02,0
94560,99093,23.00,0.02,0.01,1.00,0
94600,99093,23.10,0.00,-0.02,0.97,0
94640,99108,23.02,0.01,-0.00,1.02,0
94680,99118,22.99,0.00,0.01,1.00,0
94720,99122,23.05,-0.00,0.01,1.00,0
94760,99130,23.00,-0.00,-0.03,1.00,0
94800,99139,23.08,-0.02,-0.01,1.00,0
94840,99146,23.01,-0.01,-0.00,1.00,0
94880,99154,22.95,0.00,-0.01,1.00,0
94920,99163,23.00,-0.01,-0.02,1.00,0
94960,99174,22.91,-0.03,-0.01,1.00,0
95000,99173,22.94,0.00,0.00,0.99,0
95040,99183,23.03,-0.01,-0.00,1.01,0
95080,99191,22.99,0.01,-0.00,1.00,0
95120,99205,22.85,-0.01,-0.01,0.99,0
95160,99210,23.02,-0.00,-0.01,1.00,0
95200,99213,22.91,-0.00,0.02,0.98,0
95240,99223,23.00,-0.01,0.00,1.01,0
95280,99229,22.99,-0.01,0.00,1.01,0
95320,99242,23.02,0.00,-0.00,0.98,0
95360,99242,23.02,0.01,-0.01,1.03,0
95400,99256,23.03,-0.00,0.01,0.99,0
95440,99265,22.99,-0.02,0.00,0.99,0
95480,99270,23.02,0.01,0.01,1.01,0
95520,99275,23.03,0.01,-0.01,1.00,0
95560,99281,23.06,0.01,-0.00,0.98,0
95600,99285,23.05,-0.01,0.01,0.99,0
95640,99293,22.95,-0.01,-0.01,0.98,0
95680,99304,23.02,0.01,0.00,1.01,0
95720,99310,23.03,0.01,-0.00,0.98,0
95760,99314,22.99,0.01,0.01,0.99,0
95800,99322,23.00,-0.00,-0.01,1.02,0
95840,99329,23.07,-0.01,-0.01,1.01,0
95880,99333,23.04,-0.01,0.00,1.00,0
95920,99350,22.94,0.01,0.01,1.00,0
95960,99354,22.99,-0.01,-0.01,0.99,0
96000,99365,23.05,-0.01,-0.01,1.02,0
96040,99370,23.02,-0.02,0.00,1.00,0
96080,99372,23.00,0.00,0.00,1.03,0
96120,99380,22.99,0.00,0.01,1.01,0
96160,99387,23.01,-0.01,-0.01,1.01,0
96200,99393,22.95,0.01,0.01,0.99,0
96240,99398,23.03,0.02,-0.02,0.99,0
96280,99404,23.05,0.01,-0.01,0.99,0
96320,99412,23.16,0.00,0.02,1.01,0
96360,99419,22.92,-0.01,-0.01,1.00,0
96400,99429,22.95,-0.02,-0.00,0.96,0
96440,99428,23.01,0.01,-0.00,1.00,0
96480,99442,23.05,-0.00,0.02,1.02,0
96520,99448,23.03,-0.00,0.01,0.98,0
96560,99454,22.96,0.00,-0.01,0.99,0
96600,99462,22.97,-0.00,-0.01,0.99,0
96640,99463,23.02,-0.01,0.00,1.02,0
96680,99475,22.98,-0.01,0.02,0.99,0
96720,99479,23.03,-0.01,0.00,1.00,0
96760,99488,23.03,-0.02,-0.00,1.00,0
96800,99493,22.99,-0.01,-0.01,0.98,0
96840,99501,22.98,0.00,-0.02,1.02,0
96880,99500,23.01,0.02,0.00,1.00,0
96920,99511,22.96,-0.00,-0.01,1.02,0
96960,99519,23.03,-0.00,0.02,1.02,0
97000,99521,22.97,0.01,0.00,0.99,0
97040,99528,22.95,-0.01,0.01,1.03,0
97080,99536,22.91,0.00,0.02,0.99,0
97120,99545,23.05,0.00,0.01,1.02,0
97160,99549,22.91,-0.00,0.00,1.02,0
97200,99554,22.98,-0.02,0.02,0.99,0
97240,99561,22.94,-0.02,-0.01,1.00,0
97280,99565,23.04,-0.01,0.01,1.00,0
97320,99571,23.10,0.00,0.00,1.01,0
97360,99578,23.05,-0.02,0.00,0.98,0
97400,99581,22.99,0.00,-0.00,1.00,0
97440,99591,22.97,-0.00,0.02,1.01,0
97480,99598,22.93,-0.00,-0.00,0.98,0
97520,99598,23.00,0.00,0.01,1.00,0
97560,99610,22.94,0.01,0.00,1.01,0
97600,99622,22.98,-0.00,-0.01,1.01,0
97640,99620,23.04,-0.00,-0.01,1.00,0
97680,99625,22.97,-0.00,-0.01,0.98,0
97720,0,22.91,-0.00,0.00,1.00,0
97760,99637,22.91,0.01,0.02,0.99,0
97800,99642,22.96,0.01,0.01,0.99,0
97840,99645,23.04,0.01,-0.01,0.97,0
97880,99657,23.05,-0.00,0.01,0.99,0
97920,99662,22.95,0.01,-0.01,0.99,0
97960,99669,23.01,-0.01,0.01,0.97,0
98000,99673,23.06,-0.01,-0.02,1.00,0
98040,99681,23.01,-0.01,-0.00,1.01,0
98080,99682,23.01,0.00,-0.00,1.01,0
98120,99688,22.94,0.00,-0.00,1.02,0
98160,99698,22.96,-0.00,0.02,1.01,0
98200,99703,22.97,-0.01,-0.02,1.00,0
98240,99705,22.97,-0.01,-0.01,1.00,0
98280,99710,23.12,-0.00,0.01,0.99,0
98320,99723,22.89,0.00,-0.00,1.01,0
98360,99720,22.93,-0.00,-0.00,0.99,0
98400,99732,23.07,-0.01,-0.01,1.01,0
98440,99737,22.91,-0.01,-0.02,1.04,0
98480,99743,23.09,0.01,0.01,0.99,0
98520,99743,23.01,0.00,0.01,0.97,0
98560,99751,23.00,0.01,0.01,0.99,0
98600,99760,23.04,-0.03,0.01,1.04,0
98640,99763,23.09,-0.00,-0.01,1.00,0
98680,99764,22.97,-0.01,0.01,0.98,0
98720,99772,22.98,0.00,-0.01,1.01,0
98760,99779,22.99,0.00,0.00,0.99,0
98800,99787,22.98,-0.00,-0.02,1.01,0
98840,99784,22.93,-0.00,-0.01,1.01,0
98880,99789,23.09,0.01,-0.01,1.00,0
98920,99802,22.95,0.01,-0.00,1.00,0
98960,99806,23.04,-0.01,-0.01,0.97,0
99000,99812,22.98,0.00,0.00,1.00,0
99040,99811,22.94,0.00,-0.01,1.01,0
99080,99815,23.05,-0.01,-0.01,1.00,0
99120,99827,22.99,0.01,-0.00,0.97,0
99160,99828,23.00,0.01,-0.03,0.97,0
99200,99830,22.96,-0.01,0.01,0.99,0
99240,99840,22.95,0.01,-0.00,0.99,0
99280,99845,23.05,0.01,0.00,1.01,0
99320,99856,22.94,-0.01,0.01,1.02,0
99360,99858,23.00,0.01,-0.01,0.97,0
99400,99864,23.08,-0.00,0.02,1.00,0
99440,99863,22.97,0.01,-0.01,1.02,0
99480,99880,23.01,0.01,0.02,0.99,0
99520,99875,23.01,-0.01,0.00,1.00,0
99560,99884,23.05,-0.01,-0.00,1.01,0
99600,99892,23.02,0.00,-0.02,1.03,0
99640,99892,22.94,-0.01,0.00,1.03,0
99680,99888,22.97,-0.01,0.00,0.99,0
99720,99903,23.03,0.01,-0.01,0.97,0
99760,99904,22.91,-0.00,0.00,1.01,0
99800,99913,22.93,-0.00,-0.00,0.99,0
99840,99906,23.04,0.02,-0.01,1.02,0
99880,99923,23.03,0.00,-0.00,0.99,0
99920,99925,23.04,0.00,0.00,0.99,0
99960,99934,22.99,0.01,-0.00,1.01,0
100000,99934,23.06,-0.01,0.00,1.01,0
100040,99939,23.02,-0.00,0.00,0.97,0
100080,99941,23.00,-0.00,-0.00,1.01,0
100120,99949,22.96,-0.00,-0.00,1.04,0
100160,99957,22.94,-0.01,0.00,1.02,0
100200,99959,23.11,0.00,-0.00,1.00,0
100240,99961,23.04,0.02,-0.01,0.98,0
100280,99969,23.05,-0.00,0.01,1.00,0
100320,99976,22.96,-0.01,-0.01,0.97,0
100360,99984,23.04,0.02,-0.01,1.01,0
100400,99979,23.08,-0.00,0.00,0.98,0
100440,99990,23.01,-0.01,0.00,1.02,0
100480,99993,23.01,-0.00,0.03,1.00,0
100520,100003,22.96,0.01,-0.00,1.03,0
100560,100001,22.97,-0.01,-0.01,0.99,0
100600,100006,23.01,0.03,-0.01,1.01,0
100640,100012,23.00,0.03,-0.01,0.99,0
100680,100010,23.03,0.01,-0.02,0.98,0
100720,100021,22.95,0.01,-0.00,0.99,0
100760,100019,23.07,-0.01,0.01,1.02,0
100800,100021,22.99,0.00,0.01,1.00,0
100840,100034,23.02,-0.00,0.00,0.99,0
100880,100030,22.96,0.01,0.02,1.00,0
100920,100038,22.96,-0.02,-0.00,1.01,0
100960,100041,23.07,-0.00,0.02,1.03,0
101000,100050,23.02,0.01,-0.00,1.01,0
101040,100050,23.10,0.00,-0.01,1.03,0
101080,100061,22.98,-0.01,0.00,1.00,0
101120,100062,23.07,-0.00,-0.01,1.01,0
101160,100060,22.99,-0.01,0.00,1.00,0
101200,100069,23.03,0.01,-0.01,0.99,0
101240,100076,22.93,0.01,-0.01,1.02,0
101280,100081,23.05,-0.00,-0.01,1.00,0
101320,100086,22.98,0.00,0.01,1.00,0
101360,100091,23.03,-0.01,0.00,0.99,0
101400,100090,22.99,-0.01,0.00,0.99,0
101440,100099,22.95,-0.03,0.00,0.97,0
101480,100100,23.02,0.00,0.00,1.00,0
101520,100100,23.01,0.01,-0.00,1.00,0
101560,100110,22.97,-0.00,0.02,0.98,0
101600,100117,22.98,-0.01,0.00,1.01,0
101640,100118,22.91,-0.01,-0.01,1.02,0
101680,100124,22.95,0.01,0.01,1.01,0
101720,100126,23.03,-0.00,-0.00,0.99,0
101760,100131,22.97,0.00,0.01,1.02,0
101800,100129,23.03,0.01,0.03,1.00,0
101840,100144,23.03,-0.01,-0.00,1.03,0
101880,100141,23.01,-0.01,-0.00,1.00,0
101920,100140,23.05,-0.01,0.01,1.01,0
101960,100146,22.96,0.02,0.01,1.02,0
102000,100154,22.97,0.03,-0.00,1.02,0
102040,100158,22.99,-0.00,0.02,0.99,0
102080,100162,23.00,-0.02,-0.00,1.03,0
102120,100168,22.99,-0.01,-0.01,1.02,0
102160,100168,22.91,0.01,0.01,0.99,0
102200,100174,22.99,0.00,0.01,1.00,0
102240,100184,23.02,0.00,-0.00,0.98,0
102280,100181,22.86,-0.01,-0.00,1.01,0
102320,100190,22.94,0.00,-0.00,1.01,0
102360,100196,23.00,0.01,-0.01,0.99,0
102400,100194,22.90,0.01,0.01,1.01,0
102440,100200,23.01,-0.00,-0.00,1.01,0
102480,100196,22.99,-0.01,-0.01,1.01,0
102520,100208,22.88,0.00,-0.01,1.00,0
102560,100205,23.04,0.01,-0.01,1.01,0
102600,100209,22.99,0.00,-0.00,1.01,0
102640,100214,23.00,-0.00,-0.02,1.00,0
102680,100217,23.05,0.01,-0.00,0.98,0
102720,100222,22.98,-0.00,0.01,1.00,0
102760,100231,23.03,-0.01,0.01,1.00,0
102800,100226,22.96,0.02,-0.00,1.00,0
102840,100232,23.02,0.00,0.02,1.02,0
102880,100240,23.04,0.01,-0.01,0.98,0
102920,100243,23.04,0.00,0.01,1.00,0
102960,100245,22.95,0.00,-0.00,1.00,0
103000,100246,22.97,-0.01,0.01,0.99,0
103040,100252,23.00,0.01,0.02,1.00,0
103080,100258,22.87,-0.01,0.00,1.02,0
103120,100263,23.01,0.00,-0.00,0.99,0
103160,100261,23.05,-0.01,-0.01,1.01,0
103200,100265,23.01,-0.01,0.01,0.99,0
103240,100270,22.99,0.00,-0.00,1.01,0
103280,100277,23.04,0.01,0.01,1.03,0
103320,100279,23.05,0.02,0.02,1.00,0
103360,100279,22.98,-0.01,-0.00,1.01,0
103400,100282,23.02,0.00,0.02,1.01,0
103440,100282,23.06,0.00,-0.01,0.99,0
103480,100292,22.92,0.01,-0.01,0.99,0
103520,100296,22.91,0.00,-0.03,0.99,0
103560,100295,23.06,-0.01,0.01,1.02,0
103600,100306,23.06,-0.02,0.00,0.98,0
103640,100305,23.02,0.01,0.01,0.98,0
103680,100316,22.96,-0.01,-0.01,0.98,0
103720,100310,23.00,-0.01,0.01,1.04,0
103760,100318,23.09,-0.01,-0.01,1.01,0
103800,100315,22.98,0.01,-0.00,1.00,0
103840,100324,23.02,0.02,0.01,0.99,0
103880,100328,23.07,0.02,0.01,1.00,0
103920,100328,23.07,-0.01,0.01,0.99,0
103960,0,22.98,0.00,0.01,1.00,0
104000,100331,23.09,-0.01,0.01,1.02,0
104040,100339,22.98,-0.01,0.02,1.01,0
104080,100339,22.96,0.01,-0.00,0.98,0
104120,100343,22.96,0.01,-0.01,1.01,0
104160,100346,22.97,0.02,0.00,0.99,0
104200,100351,22.93,0.01,0.01,0.99,0
104240,100353,22.96,-0.00,-0.01,1.02,0
104280,100365,22.99,0.00,0.01,0.97,0
104320,100359,23.08,-0.00,-0.01,1.01,0
104360,100368,23.04,0.00,0.00,0.99,0
104400,100376,23.02,0.00,-0.00,1.00,0
104440,100379,22.97,-0.00,0.01,1.00,0
104480,100370,22.98,-0.01,-0.00,1.02,0
104520,100379,22.99,0.00,-0.02,1.00,0
104560,100385,22.98,0.00,-0.02,1.02,0
104600,100381,23.05,0.01,0.01,1.02,0
104640,100385,22.97,0.01,-0.00,1.02,0
104680,100395,23.02,-0.00,-0.00,1.02,0
104720,100397,22.99,-0.01,-0.00,1.01,0
104760,100396,22.94,0.01,0.00,0.99,0
104800,100403,22.97,0.02,-0.02,0.99,0
104840,100397,23.03,0.01,-0.00,1.00,0
104880,100409,23.06,-0.01,-0.01,1.01,0
104920,100414,22.96,0.00,0.01,1.00,0
104960,100413,23.00,-0.01,-0.00,1.00,0
105000,100416,22.99,0.01,0.00,0.99,0
105040,100416,22.91,-0.00,-0.01,1.01,0
105080,100419,22.96,-0.02,-0.02,1.01,0
105120,100423,23.01,0.00,-0.01,1.01,0
105160,100423,23.04,-0.01,0.01,1.00,0
105200,100430,23.01,-0.02,0.01,0.99,0
105240,100435,23.01,0.00,0.01,1.00,0
105280,100446,23.06,-0.00,0.01,0.98,0
105320,100439,22.97,-0.01,0.00,0.98,0
105360,100443,22.95,-0.02,0.00,0.99,0
105400,100445,23.02,-0.00,-0.02,0.99,0
105440,100452,23.15,0.02,0.00,1.02,0
105480,100450,23.04,0.00,-0.01,0.97,0
105520,100457,22.98,-0.03,0.00,1.00,0
105560,100455,23.00,-0.00,0.01,0.97,0
105600,100461,23.02,0.01,0.02,0.98,0
105640,100459,23.03,-0.03,-0.00,1.01,0
105680,100461,23.00,0.00,-0.01,1.01,0
105720,100464,22.98,-0.01,0.01,0.98,0
105760,100479,23.04,-0.01,0.01,0.99,0
105800,100475,22.92,0.01,0.00,0.99,0
105840,100482,22.92,-0.01,0.00,1.01,0
105880,100474,23.05,-0.02,0.01,1.01,0
105920,100483,22.94,0.01,-0.00,0.99,0
105960,100487,23.02,0.02,-0.01,0.99,0
106000,100490,22.94,0.01,-0.01,1.00,0
106040,100487,23.02,-0.01,0.00,1.00,0
106080,100491,23.02,-0.01,-0.01,1.00,0
106120,100499,23.01,-0.00,-0.01,1.02,0
106160,100500,22.96,-0.01,0.01,1.03,0
106200,100505,23.05,-0.01,0.02,1.00,0
106240,100504,22.96,-0.01,0.00,1.01,0
106280,100502,23.06,0.00,-0.01,0.99,0
106320,100506,23.07,0.01,0.00,1.03,0
106360,100519,22.96,0.00,-0.00,0.98,0
106400,100509,23.05,0.02,-0.01,1.00,0
106440,100525,23.00,-0.02,0.01,0.98,0
106480,100522,22.96,-0.00,-0.02,1.00,0
106520,100525,22.99,-0.00,0.00,0.98,0
106560,100524,22.94,-0.02,-0.02,0.99,0
106600,100523,23.00,0.00,-0.02,1.03,0
106640,100531,22.99,0.02,0.01,0.99,0
106680,100540,23.07,0.01,-0.01,0.98,0
106720,100539,23.02,-0.00,0.01,1.00,0
106760,100540,23.01,-0.02,-0.01,1.04,0
106800,100545,23.05,0.02,-0.01,0.98,0
106840,100542,23.05,0.00,-0.01,1.01,0
106880,100550,22.98,-0.00,0.00,1.00,0
106920,100547,22.96,-0.01,-0.00,0.97,0
106960,100543,23.03,0.01,-0.01,0.99,0
107000,100556,23.00,-0.01,-0.01,1.01,0
107040,100561,22.96,0.01,-0.01,1.02,0
107080,100557,23.06,-0.01,-0.01,1.00,0
107120,100561,22.96,0.02,0.01,0.99,0
107160,100566,22.98,-0.01,0.00,1.00,0
107200,100567,23.07,0.00,0.00,0.98,0
107240,100575,23.10,0.01,-0.01,0.99,0
107280,100570,22.99,0.00,0.00,0.99,0
107320,100573,22.98,-0.01,0.00,0.99,0
107360,100574,22.94,0.00,-0.01,1.00,0
107400,100579,23.02,-0.00,0.01,1.04,0
107440,100583,23.00,0.00,-0.01,1.01,0
107480,100580,23.05,0.01,-0.00,1.00,0
107520,100587,22.97,-0.01,-0.01,0.99,0
107560,100583,22.99,0.01,-0.02,1.03,0
107600,100592,23.04,-0.01,0.01,1.01,0
107640,100594,22.96,-0.00,0.02,1.01,0
107680,100594,23.00,-0.01,0.01,1.00,0
107720,100603,22.99,0.00,-0.01,1.00,0
107760,100600,22.92,-0.00,-0.01,1.02,0
107800,100599,22.99,0.00,-0.01,1.01,0
107840,100603,22.94,0.00,-0.00,1.00,0
107880,100602,22.99,-0.01,0.01,1.01,0
107920,100607,23.02,0.01,-0.00,1.00,0
107960,100616,22.97,0.00,0.01,1.00,0
108000,100614,23.03,0.02,-0.01,1.00,0
108040,100617,23.14,0.01,0.03,0.97,0
108080,100620,23.01,-0.01,-0.00,1.01,0
108120,100622,22.96,-0.01,-0.00,1.01,0
108160,100619,22.92,-0.01,-0.01,1.01,0
108200,100617,22.93,0.02,0.03,0.99,0
108240,100624,23.00,-0.00,-0.00,0.99,0
108280,100629,23.02,0.00,-0.01,0.98,0
108320,100635,22.96,-0.00,-0.01,0.99,0
108360,100637,23.02,0.00,0.00,0.98,0
108400,100640,22.98,0.01,-0.00,0.98,0
108440,100637,23.00,-0.00,0.01,0.99,0
108480,100643,23.01,0.01,0.00,1.00,0
108520,100643,23.00,0.01,0.01,1.02,0
108560,100650,23.06,-0.01,-0.01,0.99,0
108600,100643,22.98,0.00,-0.00,1.01,0
108640,100649,23.05,-0.01,-0.01,1.01,0
108640,100649,23.05,-0.01,-0.01,1.01,0
108680,100653,22.93,0.00,0.00,1.02,0
108720,100653,23.00,0.00,-0.01,1.01,0
108760,100658,22.92,-0.01,-0.00,1.02,0
108800,100658,23.04,0.00,-0.01,0.99,0
108840,100661,23.11,0.01,0.01,1.02,0
108880,100664,23.01,-0.00,-0.01,1.00,0
108920,100664,22.95,-0.02,-0.00,0.97,0
108960,100673,22.97,-0.00,-0.02,1.01,0
109000,100666,23.07,-0.01,0.00,1.02,0
109040,100668,23.04,-0.01,-0.01,0.99,0
109080,100672,23.07,-0.01,-0.00,1.00,0
109120,100676,23.09,0.00,-0.03,1.00,0
109160,100683,22.86,0.02,0.00,1.03,0
109200,100678,23.03,0.00,-0.01,1.00,0
109240,100689,22.96,-0.00,-0.01,1.02,0
109280,100689,23.00,0.01,0.01,0.96,0
109320,100689,23.08,0.01,-0.00,1.01,0
109360,100683,23.05,-0.00,-0.01,1.01,0
109400,100688,22.97,-0.00,0.02,1.00,0
109440,100694,23.05,0.01,0.01,1.00,0
109480,100695,23.07,-0.00,0.01,1.00,0
109520,100696,23.03,0.02,-0.01,1.01,0
109560,100702,23.03,-0.00,0.01,1.01,0
109600,100699,23.06,0.02,-0.01,0.99,0
109640,100705,23.01,0.01,-0.00,1.03,0
109680,100705,23.00,-0.01,-0.01,0.99,0
109720,100703,22.99,0.00,0.00,0.99,0
109760,100709,23.04,-0.02,-0.01,1.02,0
109800,100713,22.97,-0.01,0.02,1.02,0
109840,100707,23.00,0.01,-0.01,0.99,0
109880,100717,22.95,0.00,0.00,1.01,0
109920,100713,22.99,-0.01,0.01,1.00,0
109960,100720,23.01,0.01,-0.02,1.02,0
110000,100716,22.96,0.01,-0.00,1.01,0
110040,100719,23.03,-0.01,0.00,1.01,0
110080,100726,22.97,0.00,0.00,1.03,0
110120,100727,23.06,0.01,-0.01,0.99,0
110160,100720,22.97,0.01,0.00,0.98,0
110200,100729,23.00,-0.02,-0.01,1.03,0
110240,100732,23.03,0.01,0.01,0.98,0
110280,100731,22.98,-0.01,0.00,1.01,0
110320,100733,23.01,0.00,-0.00,1.01,0
110360,100733,2