zaman_s,irtifa_m,olay
0.00,0,
0.05,0,
0.10,0,
0.15,0,
0.20,0,
0.25,0,
0.30,0,
0.35,0,
0.40,0,
0.45,0,
0.50,0,
0.55,0,
0.60,0,
0.65,0,
0.70,0,
0.75,0,
0.80,0,
0.85,0,
0.90,0,
0.95,0,
1.00,0,
1.05,0,
1.10,0,
1.15,0,
1.20,0,
1.25,0,
1.30,0,
1.35,0,
1.40,0,
1.45,0,
1.50,0,
1.55,0,
1.60,0,
1.65,0,
1.70,0,
1.75,0,
1.80,0,
1.85,0,
1.90,0,
1.95,0,
2.00,0,
2.05,0,
2.10,0,
2.15,0,
2.20,0,
2.25,0,
2.30,0,
2.35,0,
2.40,0,
2.45,0,
2.50,0,
2.55,0,
2.60,0,
2.65,0,
2.70,0,
2.75,0,
2.80,0,
2.85,0,
2.90,0,
2.95,0,
3.00,0,
3.05,0,
3.10,0,
3.15,0,
3.20,0,
3.25,0,
3.30,0,
3.35,0,
3.40,0,
3.45,0,
3.50,0,
3.55,0,
3.60,0,
3.65,0,
3.70,2,
3.75,4,
3.80,8,
3.85,13,
3.90,17,
3.95,22,
4.00,28,
4.05,34,
4.10,40,
4.15,47,
4.20,54,
4.25,61,
4.30,68,
4.35,75,
4.40,81,
4.45,88,
4.50,95,
4.55,103,
4.60,110,
4.65,118,
4.70,125,
4.75,132,
4.80,139,
4.85,146,
4.90,153,
4.95,160,
5.00,167,
5.05,175,
5.10,182,
5.15,189,
5.20,196,
5.25,202,
5.30,209,
5.35,216,
5.40,223,
5.45,231,
5.50,238,
5.55,245,
5.60,252,
5.65,259,
5.70,265,
5.75,272,
5.80,279,
5.85,286,
5.90,293,
5.95,300,
6.00,307,
6.05,314,
6.10,320,
6.15,326,
6.20,333,
6.25,340,
6.30,347,
6.35,354,
6.40,361,
6.45,368,
6.50,374,
6.55,380,
6.60,386,
6.65,393,
6.70,400,
6.75,407,
6.80,414,
6.85,421,
6.90,427,
6.95,433,
7.00,439,
7.05,446,
7.10,452,
7.15,459,
7.20,466,
7.25,472,
7.30,479,
7.35,485,
7.40,491,
7.45,497,
7.50,503,
7.55,510,
7.60,516,
7.65,523,
7.70,530,
7.75,536,
7.80,542,
7.85,548,
7.90,554,
7.95,560,
8.00,567,
8.05,573,
8.10,580,
8.15,586,
8.20,592,
8.25,598,
8.30,604,
8.35,609,
8.40,616,
8.45,622,
8.50,628,
8.55,635,
8.60,641,
8.65,647,
8.70,652,
8.75,658,
8.80,664,
8.85,670,
8.90,676,
8.95,683,
9.00,689,
9.05,695,
9.10,701,
9.15,706,
9.20,712,
9.25,717,
9.30,723,
9.35,730,
9.40,736,
9.45,742,
9.50,747,
9.55,753,
9.60,759,
9.65,764,
9.70,770,
9.75,776,
9.80,782,
9.85,788,
9.90,794,
9.95,799,
10.00,805,
10.05,810,
10.10,815,
10.15,821,
10.20,827,
10.25,833,
10.30,838,
10.35,844,
10.40,850,
10.45,855,
10.50,860,
10.55,865,
10.60,871,
10.65,877,
10.70,883,
10.75,889,
10.80,894,
10.85,899,
10.90,904,
10.95,910,
11.00,915,
11.05,920,
11.10,926,
11.15,932,
11.20,938,
11.25,943,
11.30,948,
11.35,953,
11.40,958,
11.45,963,
11.50,969,
11.55,974,
11.60,980,
11.65,985,
11.70,990,
11.75,995,
11.80,1000,
11.85,1005,
11.90,1010,
11.95,1016,
12.00,1021,
12.05,1026,
12.10,1032,
12.15,1037,
12.20,1041,
12.25,1046,
12.30,1051,
12.35,1056,
12.40,1062,
12.45,1067,
12.50,1073,
12.55,1078,
12.60,1082,
12.65,1087,
12.70,1091,
12.75,1096,
12.80,1102,
12.85,1107,
12.90,1112,
12.95,1118,
13.00,1122,
13.05,1127,
13.10,1131,
13.15,1136,
13.20,1141,
13.25,1146,
13.30,1151,
13.35,1156,
13.40,1161,
13.45,1166,
13.50,1170,
13.55,1175,
13.60,1179,
13.65,1184,
13.70,1189,
13.75,1194,
13.80,1199,
13.85,1204,
13.90,1209,
13.95,1213,
14.00,1217,
14.05,1222,
14.10,1227,
14.15,1232,
14.20,1237,
14.25,1242,
14.30,1246,
14.35,1250,
14.40,1254,
14.45,1259,
14.50,1263,
14.55,1268,
14.60,1273,
14.65,1278,
14.70,1283,
14.75,1287,
14.80,1291,
14.85,1295,
14.90,1300,
14.95,1304,
15.00,1309,
15.05,1314,
15.10,1319,
15.15,1323,
15.20,1327,
15.25,1331,
15.30,1336,
15.35,1340,
15.40,1344,
15.45,1349,
15.50,1354,
15.55,1358,
15.60,1363,
15.65,1367,
15.70,1371,
15.75,1374,
15.80,1379,
15.85,1383,
15.90,1388,
15.95,1392,
16.00,1397,
16.05,1401,
16.10,1405,
16.15,1409,
16.20,1413,
16.25,1417,
16.30,1422,
16.35,1426,
16.40,1430,
16.45,1435,
16.50,1439,
16.55,1442,
16.60,1446,
16.65,1450,
16.70,1454,
16.75,1459,
16.80,1463,
16.85,1468,
16.90,1472,
16.95,1475,
17.00,1479,
17.05,1483,
17.10,1487,
17.15,1491,
17.20,1495,
17.25,1500,
17.30,1504,
17.35,1508,
17.40,1511,
17.45,1515,
17.50,1519,
17.55,1522,
17.60,1527,
17.65,1531,
17.70,1536,
17.75,1539,
17.80,1543,
17.85,1547,
17.90,1550,
17.95,1554,
18.00,1558,
18.05,1562,
18.10,1566,
18.15,1570,
18.20,1574,
18.25,1578,
18.30,1581,
18.35,1584,
18.40,1588,
18.45,1592,
18.50,1596,
18.55,1600,
18.60,1604,
18.65,1608,
18.70,1611,
18.75,1614,
18.80,1618,
18.85,1622,
18.90,1625,
18.95,1630,
19.00,1634,
19.05,1637,
19.10,1641,
19.15,1644,
19.20,1647,
19.25,1651,
19.30,1654,
19.35,1658,
19.40,1663,
19.45,1666,
19.50,1670,
19.55,1673,
19.60,1676,
19.65,1680,
19.70,1683,
19.75,1687,
19.80,1691,
19.85,1695,
19.90,1698,
19.95,1702,
20.00,1705,
20.05,1708,
20.10,1711,
20.15,1714,
20.20,1718,
20.25,1722,
20.30,1725,
20.35,1729,
20.40,1733,
20.45,1735,
20.50,1738,
20.55,1742,
20.60,1745,
20.65,1748,
20.70,1752,
20.75,1756,
20.80,1760,
20.85,1763,
20.90,1765,
20.95,1769,
21.00,1772,
21.05,1775,
21.10,1779,
21.15,1783,
21.20,1786,
21.25,1789,
21.30,1792,
21.35,1795,
21.40,1798,
21.45,1801,
21.50,1804,
21.55,1808,
21.60,1812,
21.65,1815,
21.70,1818,
21.75,1821,
21.80,1824,
21.85,1826,
21.90,1830,
21.95,1833,
22.00,1837,
22.05,1840,
22.10,1843,
22.15,1846,
22.20,1849,
22.25,1852,
22.30,1855,
22.35,1858,
22.40,1861,
22.45,1865,
22.50,1868,
22.55,1871,
22.60,1874,
22.65,1876,
22.70,1879,
22.75,1882,
22.80,1885,
22.85,1889,
22.90,1892,
22.95,1896,
23.00,1898,
23.05,1901,
23.10,1903,
23.15,1906,
23.20,1909,
23.25,1912,
23.30,1916,
23.35,1919,
23.40,1922,
23.45,1925,
23.50,1927,
23.55,1930,
23.60,1932,
23.65,1935,
23.70,1939,
23.75,1942,
23.80,1945,
23.85,1948,
23.90,1951,
23.95,1953,
24.00,1955,
24.05,1958,
24.10,1961,
24.15,1964,
24.20,1967,
24.25,1971,
24.30,1973,
24.35,1976,
24.40,1978,
24.45,1980,
24.50,1983,
24.55,1986,
24.60,1989,
24.65,1993,
24.70,1996,
24.75,1998,
24.80,2000,
24.85,2003,
24.90,2005,
24.95,2008,
25.00,2011,
25.05,2014,
25.10,2017,
25.15,2020,
25.20,2022,
25.25,2024,
25.30,2027,
25.35,2029,
25.40,2032,
25.45,2035,
25.50,2038,
25.55,2041,
25.60,2043,
25.65,2046,
25.70,2048,
25.75,2050,
25.80,2052,
25.85,2056,
25.90,2059,
25.95,2061,
26.00,2064,
26.05,2067,
26.10,2069,
26.15,2071,
26.20,2073,
26.25,2076,
26.30,2078,
26.35,2081,
26.40,2084,
26.45,2087,
26.50,2089,
26.55,2091,
26.60,2093,
26.65,2096,
26.70,2098,
26.75,2101,
26.80,2103,
26.85,2106,
26.90,2108,
26.95,2111,
27.00,2113,
27.05,2115,
27.10,2117,
27.15,2120,
27.20,2123,
27.25,2126,
27.30,2128,
27.35,2130,
27.40,2132,
27.45,2134,
27.50,2136,
27.55,2138,
27.60,2141,
27.65,2144,
27.70,2147,
27.75,2149,
27.80,2151,
27.85,2153,
27.90,2155,
27.95,2157,
28.00,2160,
28.05,2162,
28.10,2165,
28.15,2167,
28.20,2170,
28.25,2172,
28.30,2173,
28.35,2175,
28.40,2177,
28.45,2180,
28.50,2182,
28.55,2185,
28.60,2188,
28.65,2190,
28.70,2192,
28.75,2193,
28.80,2196,
28.85,2197,
28.90,2200,
28.95,2203,
29.00,2205,
29.05,2208,
29.10,2209,
29.15,2211,
29.20,2213,
29.25,2215,
29.30,2217,
29.35,2220,
29.40,2222,
29.45,2225,
29.50,2227,
29.55,2229,
29.60,2231,
29.65,2232,
29.70,2234,
29.75,2236,
29.80,2239,
29.85,2242,
29.90,2244,
29.95,2246,
30.00,2248,
30.05,2249,
30.10,2250,
30.15,2252,
30.20,2255,
30.25,2257,
30.30,2260,
30.35,2262,
30.40,2264,
30.45,2265,
30.50,2267,
30.55,2269,
30.60,2271,
30.65,2273,
30.70,2275,
30.75,2278,
30.80,2280,
30.85,2282,
30.90,2283,
30.95,2285,
31.00,2287,
31.05,2289,
31.10,2291,
31.15,2294,
31.20,2296,
31.25,2297,
31.30,2299,
31.35,2301,
31.40,2302,
31.45,2304,
31.50,2306,
31.55,2308,
31.60,2311,
31.65,2313,
31.70,2314,
31.75,2316,
31.80,2318,
31.85,2319,
31.90,2321,
31.95,2323,
32.00,2325,
32.05,2327,
32.10,2330,
32.15,2331,
32.20,2332,
32.25,2334,
32.30,2335,
32.35,2338,
32.40,2340,
32.45,2342,
32.50,2344,
32.55,2346,
32.60,2347,
32.65,2348,
32.70,2350,
32.75,2352,
32.80,2354,
32.85,2356,
32.90,2358,
32.95,2360,
33.00,2361,
33.05,2363,
33.10,2364,
33.15,2366,
33.20,2367,
33.25,2369,
33.30,2372,
33.35,2374,
33.40,2375,
33.45,2377,
33.50,2378,
33.55,2380,
33.60,2381,
33.65,2383,
33.70,2385,
33.75,2387,
33.80,2389,
33.85,2391,
33.90,2392,
33.95,2394,
34.00,2395,
34.05,2396,
34.10,2398,
34.15,2400,
34.20,2402,
34.25,2404,
34.30,2406,
34.35,2407,
34.40,2408,
34.45,2409,
34.50,2411,
34.55,2413,
34.60,2415,
34.65,2417,
34.70,2419,
34.75,2420,
34.80,2421,
34.85,2422,
34.90,2424,
34.95,2425,
35.00,2427,
35.05,2429,
35.10,2431,
35.15,2433,
35.20,2434,
35.25,2435,
35.30,2436,
35.35,2438,
35.40,2440,
35.45,2442,
35.50,2444,
35.55,2445,
35.60,2447,
35.65,2448,
35.70,2449,
35.75,2450,
35.80,2451,
35.85,2453,
35.90,2455,
35.95,2457,
36.00,2459,
36.05,2460,
36.10,2461,
36.15,2462,
36.20,2463,
36.25,2465,
36.30,2467,
36.35,2468,
36.40,2470,
36.45,2472,
36.50,2473,
36.55,2474,
36.60,2475,
36.65,2477,
36.70,2478,
36.75,2480,
36.80,2481,
36.85,2483,
36.90,2485,
36.95,2486,
37.00,2487,
37.05,2488,
37.10,2489,
37.15,2491,
37.20,2493,
37.25,2495,
37.30,2496,
37.35,2497,
37.40,2498,
37.45,2499,
37.50,2500,
37.55,2501,
37.60,2503,
37.65,2505,
37.70,2507,
37.75,2508,
37.80,2509,
37.85,2510,
37.90,2511,
37.95,2512,
38.00,2514,
38.05,2516,
38.10,2517,
38.15,2519,
38.20,2520,
38.25,2521,
38.30,2522,
38.35,2523,
38.40,2524,
38.45,2526,
38.50,2527,
38.55,2529,
38.60,2531,
38.65,2532,
38.70,2533,
38.75,2534,
38.80,2535,
38.85,2536,
38.90,2538,
38.95,2539,
39.00,2541,
39.05,2543,
39.10,2543,
39.15,2544,
39.20,2545,
39.25,2546,
39.30,2547,
39.35,2549,
39.40,2551,
39.45,2552,
39.50,2553,
39.55,2555,
39.60,2556,
39.65,2556,
39.70,2557,
39.75,2559,
39.80,2560,
39.85,2562,
39.90,2563,
39.95,2564,
40.00,2565,
40.05,2566,
40.10,2567,
40.15,2568,
40.20,2569,
40.25,2571,
40.30,2572,
40.35,2574,
40.40,2575,
40.45,2575,
40.50,2576,
40.55,2577,
40.60,2578,
40.65,2580,
40.70,2581,
40.75,2583,
40.80,2584,
40.85,2585,
40.90,2585,
40.95,2586,
41.00,2587,
41.05,2589,
41.10,2590,
41.15,2592,
41.20,2593,
41.25,2594,
41.30,2595,
41.35,2596,
41.40,2596,
41.45,2597,
41.50,2599,
41.55,2601,
41.60,2602,
41.65,2603,
41.70,2604,
41.75,2605,
41.80,2606,
41.85,2606,
41.90,2607,
41.95,2609,
42.00,2610,
42.05,2612,
42.10,2613,
42.15,2614,
42.20,2614,
42.25,2615,
42.30,2616,
42.35,2617,
42.40,2618,
42.45,2620,
42.50,2621,
42.55,2623,
42.60,2623,
42.65,2623,
42.70,2624,
42.75,2625,
42.80,2626,
42.85,2628,
42.90,2630,
42.95,2631,
43.00,2631,
43.05,2632,
43.10,2633,
43.15,2633,
43.20,2634,
43.25,2635,
43.30,2637,
43.35,2638,
43.40,2639,
43.45,2640,
43.50,2641,
43.55,2641,
43.60,2642,
43.65,2643,
43.70,2645,
43.75,2646,
43.80,2647,
43.85,2648,
43.90,2649,
43.95,2650,
44.00,2650,
44.05,2651,
44.10,2652,
44.15,2653,
44.20,2655,
44.25,2656,
44.30,2657,
44.35,2657,
44.40,2658,
44.45,2658,
44.50,2659,
44.55,2661,
44.60,2662,
44.65,2663,
44.70,2665,
44.75,2665,
44.80,2665,
44.85,2666,
44.90,2667,
44.95,2668,
45.00,2669,
45.05,2670,
45.10,2672,
45.15,2672,
45.20,2673,
45.25,2673,
45.30,2674,
45.35,2674,
45.40,2675,
45.45,2677,
45.50,2678,
45.55,2679,
45.60,2680,
45.65,2681,
45.70,2681,
45.75,2682,
45.80,2682,
45.85,2683,
45.90,2685,
45.95,2686,
46.00,2687,
46.05,2688,
46.10,2689,
46.15,2689,
46.20,2689,
46.25,2690,
46.30,2691,
46.35,2693,
46.40,2694,
46.45,2695,
46.50,2695,
46.55,2696,
46.60,2696,
46.65,2697,
46.70,2698,
46.75,2699,
46.80,2700,
46.85,2702,
46.90,2702,
46.95,2702,
47.00,2703,
47.05,2703,
47.10,2704,
47.15,2705,
47.20,2706,
47.25,2708,
47.30,2709,
47.35,2709,
47.40,2710,
47.45,2710,
47.50,2710,
47.55,2711,
47.60,2712,
47.65,2714,
47.70,2715,
47.75,2716,
47.80,2716,
47.85,2717,
47.90,2717,
47.95,2717,
48.00,2718,
48.05,2720,
48.10,2721,
48.15,2722,
48.20,2723,
48.25,2723,
48.30,2723,
48.35,2724,
48.40,2725,
48.45,2726,
48.50,2727,
48.55,2728,
48.60,2729,
48.65,2730,
48.70,2730,
48.75,2730,
48.80,2730,
48.85,2731,
48.90,2732,
48.95,2733,
49.00,2734,
49.05,2735,
49.10,2735,
49.15,2736,
49.20,2736,
49.25,2737,
49.30,2737,
49.35,2738,
49.40,2740,
49.45,2741,
49.50,2741,
49.55,2742,
49.60,2742,
49.65,2742,
49.70,2743,
49.75,2744,
49.80,2745,
49.85,2746,
49.90,2747,
49.95,2748,
50.00,2748,
50.05,2748,
50.10,2749,
50.15,2749,
50.20,2750,
50.25,2751,
50.30,2752,
50.35,2753,
50.40,2754,
50.45,2754,
50.50,2754,
50.55,2755,
50.60,2755,
50.65,2756,
50.70,2757,
50.75,2758,
50.80,2759,
50.85,2759,
50.90,2760,
50.95,2760,
51.00,2761,
51.05,2761,
51.10,2762,
51.15,2763,
51.20,2764,
51.25,2765,
51.30,2765,
51.35,2766,
51.40,2766,
51.45,2766,
51.50,2767,
51.55,2768,
51.60,2769,
51.65,2770,
51.70,2770,
51.75,2771,
51.80,2771,
51.85,2771,
51.90,2772,
51.95,2773,
52.00,2774,
52.05,2775,
52.10,2776,
52.15,2776,
52.20,2776,
52.25,2776,
52.30,2777,
52.35,2778,
52.40,2778,
52.45,2779,
52.50,2780,
52.55,2781,
52.60,2781,
52.65,2781,
52.70,2781,
52.75,2782,
52.80,2782,
52.85,2783,
52.90,2785,
52.95,2786,
53.00,2786,
53.05,2786,
53.10,2786,
53.15,2786,
53.20,2787,
53.25,2788,
53.30,2789,
53.35,2790,
53.40,2790,
53.45,2791,
53.50,2791,
53.55,2791,
53.60,2791,
53.65,2792,
53.70,2793,
53.75,2794,
53.80,2795,
53.85,2795,
53.90,2796,
53.95,2796,
54.00,2796,
54.05,2796,
54.10,2797,
54.15,2798,
54.20,2799,
54.25,2800,
54.30,2801,
54.35,2801,
54.40,2801,
54.45,2801,
54.50,2802,
54.55,2802,
54.60,2803,
54.65,2804,
54.70,2805,
54.75,2805,
54.80,2805,
54.85,2805,
54.90,2806,
54.95,2806,
55.00,2807,
55.05,2808,
55.10,2809,
55.15,2809,
55.20,2810,
55.25,2810,
55.30,2810,
55.35,2810,
55.40,2811,
55.45,2812,
55.50,2813,
55.55,2814,
55.60,2814,
55.65,2814,
55.70,2814,
55.75,2814,
55.80,2815,
55.85,2815,
55.90,2817,
55.95,2817,
56.00,2818,
56.05,2818,
56.10,2818,
56.15,2818,
56.20,2818,
56.25,2819,
56.30,2820,
56.35,2821,
56.40,2822,
56.45,2822,
56.50,2823,
56.55,2822,
56.60,2822,
56.65,2823,
56.70,2824,
56.75,2824,
56.80,2825,
56.85,2826,
56.90,2827,
56.95,2826,
57.00,2826,
57.05,2827,
57.10,2827,
57.15,2828,
57.20,2829,
57.25,2830,
57.30,2830,
57.35,2830,
57.40,2830,
57.45,2830,
57.50,2831,
57.55,2831,
57.60,2832,
57.65,2833,
57.70,2834,
57.75,2834,
57.80,2834,
57.85,2834,
57.90,2834,
57.95,2834,
58.00,2835,
58.05,2836,
58.10,2837,
58.15,2837,
58.20,2838,
58.25,2838,
58.30,2838,
58.35,2838,
58.40,2838,
58.45,2839,
58.50,2840,
58.55,2841,
58.60,2842,
58.65,2842,
58.70,2842,
58.75,2842,
58.80,2842,
58.85,2842,
58.90,2843,
58.95,2843,
59.00,2845,
59.05,2845,
59.10,2845,
59.15,2845,
59.20,2845,
59.25,2845,
59.30,2845,
59.35,2845,
59.40,2846,
59.45,2846,
59.50,2846,
59.55,2846,
59.60,2846,
59.65,2845,
59.70,2845,
59.75,2845,
59.80,2846,
59.85,2846,
59.90,2846,
59.95,2846,
60.00,2846,
60.05,2845,
60.10,2845,
60.15,2845,
60.20,2846,
60.25,2846,
60.30,2846,
60.35,2846,
60.40,2846,
60.45,2846,
60.50,2845,
60.55,2845,
60.60,2845,
60.65,2845,
60.70,2846,
60.75,2846,
60.80,2847,
60.85,2846,
60.90,2845,
60.95,2845,
61.00,2845,
61.05,2845,
61.10,2845,
61.15,2846,
61.20,2847,
61.25,2846,
61.30,2846,
61.35,2846,
61.40,2845,
61.45,2845,
61.50,2845,
61.55,2846,
61.60,2846,
61.65,2846,
61.70,2846,
61.75,2846,
61.80,2845,
61.85,2845,
61.90,2845,
61.95,2846,
62.00,2846,
62.05,2846,
62.10,2846,
62.15,2846,
62.20,2846,
62.25,2845,
62.30,2845,
62.35,2845,
62.40,2846,
62.45,2846,
62.50,2846,
62.55,2847,
62.60,2846,
62.65,2845,
62.70,2845,
62.75,2845,
62.80,2845,
62.85,2846,
62.90,2846,
62.95,2846,
63.00,2846,
63.05,2846,
63.10,2845,
63.15,2845,
63.20,2845,
63.25,2845,
63.30,2846,
63.35,2847,
63.40,2846,
63.45,2846,
63.50,2846,
63.55,2846,
63.60,2845,
63.65,2845,
63.70,2846,
63.75,2846,
63.80,2847,
63.85,2846,
63.90,2846,
63.95,2844,
64.00,2839,
64.05,2832,
64.10,2823,
64.15,2813,
64.20,2803,
64.25,2791,
64.30,2779,
64.35,2767,
64.40,2754,
64.45,2741,APOGEE
64.50,2728,
64.55,2714,
64.60,2701,
64.65,2687,
64.70,2674,
64.75,2660,
64.80,2647,
64.85,2633,
64.90,2620,
64.95,2606,
65.00,2593,
65.05,2580,
65.10,2566,
65.15,2553,
65.20,2540,
65.25,2527,
65.30,2514,
65.35,2501,
65.40,2488,
65.45,2475,
65.50,2462,
65.55,2450,
65.60,2437,
65.65,2425,
65.70,2413,
65.75,2400,
65.80,2388,
65.85,2376,
65.90,2364,
65.95,2351,
66.00,2339,
66.05,2328,
66.10,2316,
66.15,2304,
66.20,2292,
66.25,2281,
66.30,2269,
66.35,2257,
66.40,2246,
66.45,2234,
66.50,2223,
66.55,2212,
66.60,2200,
66.65,2189,
66.70,2178,
66.75,2167,
66.80,2156,
66.85,2145,
66.90,2134,
66.95,2124,
67.00,2113,
67.05,2102,
67.10,2092,
67.15,2081,
67.20,2071,
67.25,2060,
67.30,2050,
67.35,2040,
67.40,2029,
67.45,2019,
67.50,2009,
67.55,1999,
67.60,1989,
67.65,1979,
67.70,1969,
67.75,1959,
67.80,1949,
67.85,1940,
67.90,1930,
67.95,1920,
68.00,1911,
68.05,1901,
68.10,1892,
68.15,1882,
68.20,1873,
68.25,1864,
68.30,1854,
68.35,1845,
68.40,1836,
68.45,1827,
68.50,1818,
68.55,1809,
68.60,1800,
68.65,1791,
68.70,1782,
68.75,1773,
68.80,1764,
68.85,1756,
68.90,1747,
68.95,1738,
69.00,1730,
69.05,1721,
69.10,1713,
69.15,1704,
69.20,1696,
69.25,1687,
69.30,1679,
69.35,1671,
69.40,1662,
69.45,1654,
69.50,1646,
69.55,1638,
69.60,1630,
69.65,1622,
69.70,1614,
69.75,1606,
69.80,1598,
69.85,1590,
69.90,1582,
69.95,1575,
70.00,1567,
70.05,1559,
70.10,1552,
70.15,1544,
70.20,1537,
70.25,1529,
70.30,1522,
70.35,1514,
70.40,1507,
70.45,1499,
70.50,1492,
70.55,1485,
70.60,1478,
70.65,1470,
70.70,1463,
70.75,1456,
70.80,1449,
70.85,1442,
70.90,1435,
70.95,1428,
71.00,1421,
71.05,1414,
71.10,1407,
71.15,1400,
71.20,1393,
71.25,1387,
71.30,1380,
71.35,1373,
71.40,1367,
71.45,1360,
71.50,1354,
71.55,1347,
71.60,1340,
71.65,1334,
71.70,1327,
71.75,1321,
71.80,1314,
71.85,1308,
71.90,1302,
71.95,1295,
72.00,1289,
72.05,1283,
72.10,1277,
72.15,1271,
72.20,1264,
72.25,1258,
72.30,1252,
72.35,1246,
72.40,1240,
72.45,1234,
72.50,1228,
72.55,1223,
72.60,1217,
72.65,1211,
72.70,1205,
72.75,1199,
72.80,1193,
72.85,1187,
72.90,1182,
72.95,1176,
73.00,1171,
73.05,1165,
73.10,1159,
73.15,1154,
73.20,1148,
73.25,1143,
73.30,1137,
73.35,1132,
73.40,1126,
73.45,1121,
73.50,1115,
73.55,1110,
73.60,1105,
73.65,1099,
73.70,1094,
73.75,1089,
73.80,1084,
73.85,1079,
73.90,1074,
73.95,1069,
74.00,1064,
74.05,1058,
74.10,1053,
74.15,1048,
74.20,1043,
74.25,1038,
74.30,1033,
74.35,1028,
74.40,1023,
74.45,1019,
74.50,1014,
74.55,1009,
74.60,1004,
74.65,999,
74.70,994,
74.75,990,
74.80,985,
74.85,980,
74.90,976,
74.95,971,
75.00,966,
75.05,962,
75.10,957,
75.15,953,
75.20,948,
75.25,944,
75.30,939,
75.35,935,
75.40,930,
75.45,926,
75.50,922,
75.55,917,
75.60,913,
75.65,909,
75.70,904,
75.75,900,
75.80,896,
75.85,891,
75.90,887,
75.95,883,
76.00,879,
76.05,875,
76.10,871,
76.15,866,
76.20,862,
76.25,858,
76.30,854,
76.35,850,
76.40,846,
76.45,842,
76.50,838,
76.55,834,
76.60,830,
76.65,826,
76.70,822,
76.75,818,
76.80,815,
76.85,811,
76.90,807,
76.95,803,
77.00,800,
77.05,796,
77.10,792,
77.15,788,
77.20,784,
77.25,781,
77.30,777,
77.35,774,
77.40,770,
77.45,766,
77.50,762,
77.55,759,
77.60,755,
77.65,752,
77.70,748,
77.75,745,
77.80,741,
77.85,738,
77.90,734,
77.95,731,
78.00,727,
78.05,724,
78.10,721,
78.15,717,
78.20,714,
78.25,710,
78.30,707,
78.35,704,
78.40,700,
78.45,697,
78.50,694,
78.55,691,
78.60,687,
78.65,684,
78.70,681,
78.75,678,
78.80,675,
78.85,671,
78.90,668,
78.95,665,
79.00,662,
79.05,659,
79.10,656,
79.15,653,
79.20,650,
79.25,647,
79.30,644,
79.35,641,
79.40,638,
79.45,635,
79.50,632,
79.55,629,
79.60,626,
79.65,623,
79.70,620,
79.75,617,
79.80,614,
79.85,611,
79.90,609,
79.95,606,
80.00,603,
80.05,600,
80.10,597,
80.15,594,
80.20,592,
80.25,589,
80.30,586,
80.35,583,
80.40,581,
80.45,578,
80.50,576,
80.55,573,
80.60,570,
80.65,567,
80.70,565,
80.75,562,
80.80,559,
80.85,557,
80.90,554,
80.95,551,
81.00,549,
81.05,546,
81.10,544,
81.15,541,
81.20,539,
81.25,536,
81.30,534,
81.35,531,
81.40,529,
81.45,527,
81.50,524,
81.55,522,
81.60,519,
81.65,517,
81.70,514,
81.75,512,
81.80,510,
81.85,507,
81.90,505,
81.95,503,
82.00,500,
82.05,498,
82.10,496,
82.15,493,
82.20,491,
82.25,489,
82.30,486,
82.35,484,
82.40,482,
82.45,480,
82.50,478,
82.55,475,
82.60,473,
82.65,471,
82.70,469,
82.75,467,
82.80,464,
82.85,462,
82.90,460,
82.95,458,
83.00,456,
83.05,454,
83.10,452,
83.15,449,
83.20,447,
83.25,445,
83.30,443,
83.35,441,
83.40,439,
83.45,437,
83.50,435,
83.55,433,
83.60,431,
83.65,429,
83.70,427,
83.75,425,
83.80,423,
83.85,421,
83.90,419,
83.95,417,
84.00,415,
84.05,413,
84.10,411,
84.15,410,
84.20,408,
84.25,406,
84.30,404,
84.35,402,
84.40,400,
84.45,398,
84.50,396,
84.55,395,
84.60,393,
84.65,391,
84.70,389,
84.75,387,
84.80,386,
84.85,384,
84.90,382,
84.95,380,
85.00,379,
85.05,377,
85.10,375,
85.15,373,
85.20,372,
85.25,370,
85.30,368,
85.35,366,
85.40,365,
85.45,363,
85.50,361,
85.55,360,
85.60,358,
85.65,356,
85.70,355,
85.75,353,
85.80,351,
85.85,350,
85.90,348,
85.95,347,
86.00,345,
86.05,343,
86.10,342,
86.15,340,
86.20,339,
86.25,337,
86.30,336,
86.35,334,
86.40,333,
86.45,331,
86.50,329,
86.55,328,
86.60,326,
86.65,325,
86.70,323,
86.75,322,
86.80,321,
86.85,319,
86.90,318,
86.95,316,
87.00,315,
87.05,313,
87.10,312,
87.15,310,
87.20,309,
87.25,308,
87.30,306,
87.35,305,
87.40,303,
87.45,302,
87.50,301,
87.55,299,
87.60,298,
87.65,296,
87.70,295,
87.75,294,
87.80,292,
87.85,291,
87.90,289,
87.95,288,
88.00,287,
88.05,286,
88.10,284,
88.15,283,
88.20,282,
88.25,280,
88.30,279,
88.35,278,
88.40,277,
88.45,275,
88.50,274,
88.55,273,
88.60,272,
88.65,271,
88.70,269,
88.75,268,
88.80,267,
88.85,265,
88.90,264,
88.95,263,
89.00,262,
89.05,260,
89.10,259,
89.15,258,
89.20,257,
89.25,256,
89.30,255,
89.35,253,
89.40,252,
89.45,251,
89.50,250,
89.55,249,
89.60,247,
89.65,246,
89.70,245,
89.75,244,
89.80,243,
89.85,242,
89.90,241,
89.95,240,
90.00,239,
90.05,238,
90.10,237,
90.15,236,
90.20,234,
90.25,233,
90.30,232,
90.35,231,
90.40,230,
90.45,229,
90.50,228,
90.55,227,
90.60,226,
90.65,225,
90.70,224,
90.75,223,
90.80,222,
90.85,221,
90.90,220,
90.95,219,
91.00,218,
91.05,217,
91.10,216,
91.15,215,
91.20,214,
91.25,213,
91.30,212,
91.35,211,
91.40,210,
91.45,209,
91.50,208,
91.55,207,
91.60,206,
91.65,205,
91.70,204,
91.75,203,
91.80,202,
91.85,201,
91.90,200,
91.95,200,
92.00,199,
92.05,198,
92.10,197,
92.15,196,
92.20,195,
92.25,194,
92.30,193,
92.35,192,
92.40,192,
92.45,191,
92.50,190,
92.55,189,
92.60,188,
92.65,187,
92.70,186,
92.75,185,
92.80,185,
92.85,184,
92.90,183,
92.95,182,
93.00,181,
93.05,180,
93.10,180,
93.15,179,
93.20,178,
93.25,177,
93.30,176,
93.35,176,
93.40,175,
93.45,174,
93.50,173,
93.55,172,
93.60,172,
93.65,171,
93.70,170,
93.75,169,
93.80,168,
93.85,168,
93.90,167,
93.95,166,
94.00,165,
94.05,165,
94.10,164,
94.15,163,
94.20,162,
94.25,162,
94.30,161,
94.35,160,
94.40,159,
94.45,158,
94.50,158,
94.55,157,
94.60,156,
94.65,156,
94.70,155,
94.75,154,
94.80,154,
94.85,153,
94.90,152,
94.95,152,
95.00,151,
95.05,150,
95.10,150,
95.15,149,
95.20,148,
95.25,148,
95.30,147,
95.35,146,
95.40,145,
95.45,145,
95.50,144,
95.55,143,
95.60,143,
95.65,142,
95.70,141,
95.75,141,
95.80,140,
95.85,140,
95.90,139,
95.95,138,
96.00,138,
96.05,137,
96.10,136,
96.15,136,
96.20,135,
96.25,135,
96.30,134,
96.35,133,
96.40,133,
96.45,132,
96.50,131,
96.55,131,
96.60,130,
96.65,130,
96.70,129,
96.75,129,
96.80,128,
96.85,127,
96.90,127,
96.95,126,
97.00,126,
97.05,125,
97.10,125,
97.15,124,
97.20,123,
97.25,123,
97.30,122,
97.35,122,
97.40,121,
97.45,121,
97.50,120,
97.55,120,
97.60,119,
97.65,119,
97.70,118,
97.75,117,
97.80,117,
97.85,116,
97.90,116,
97.95,115,
98.00,115,
98.05,114,
98.10,113,
98.15,113,
98.20,113,
98.25,112,
98.30,112,
98.35,111,
98.40,111,
98.45,110,
98.50,110,
98.55,109,
98.60,109,
98.65,108,
98.70,108,
98.75,107,
98.80,107,
98.85,106,
98.90,105,
98.95,105,
99.00,105,
99.05,104,
99.10,104,
99.15,103,
99.20,103,
99.25,102,
99.30,102,
99.35,101,
99.40,101,
99.45,100,
99.50,100,
99.55,99,
99.60,99,
99.65,99,
99.70,98,
99.75,98,
99.80,97,
99.85,97,
99.90,97,
99.95,96,
100.00,95,
100.05,95,
100.10,95,
100.15,94,
100.20,94,
100.25,93,
100.30,93,
100.35,92,
100.40,92,
100.45,92,
100.50,91,
100.55,91,
100.60,90,
100.65,90,
100.70,90,
100.75,89,
100.80,89,
100.85,88,
100.90,88,
100.95,88,
101.00,87,
101.05,87,
101.10,87,
101.15,86,
101.20,86,
101.25,85,
101.30,85,
101.35,85,
101.40,84,
101.45,84,
101.50,83,
101.55,83,
101.60,82,
101.65,82,
101.70,82,
101.75,81,
101.80,81,
101.85,81,
101.90,80,
101.95,80,
102.00,80,
102.05,79,
102.10,79,
102.15,79,
102.20,78,
102.25,78,
102.30,77,
102.35,77,
102.40,77,
102.45,76,
102.50,76,
102.55,76,
102.60,75,
102.65,75,
102.70,75,
102.75,74,
102.80,74,
102.85,74,
102.90,73,
102.95,73,
103.00,72,
103.05,72,
103.10,72,
103.15,71,
103.20,71,
103.25,71,
103.30,71,
103.35,70,
103.40,70,
103.45,70,
103.50,69,
103.55,69,
103.60,69,
103.65,68,
103.70,68,
103.75,68,
103.80,67,
103.85,67,
103.90,67,
103.95,67,
104.00,66,
104.05,66,
104.10,66,
104.15,65,
104.20,65,
104.25,65,
104.30,65,
104.35,64,
104.40,64,
104.45,64,
104.50,63,
104.55,63,
104.60,63,
104.65,62,
104.70,62,
104.75,62,
104.80,62,
104.85,61,
104.90,61,
104.95,61,
105.00,61,
105.05,60,
105.10,60,
105.15,60,
105.20,59,
105.25,59,
105.30,59,
105.35,59,
105.40,58,
105.45,58,
105.50,58,
105.55,58,
105.60,57,
105.65,57,
105.70,57,
105.75,56,
105.80,56,
105.85,56,
105.90,56,
105.95,55,
106.00,55,
106.05,55,
106.10,55,
106.15,54,
106.20,54,
106.25,54,
106.30,54,
106.35,53,
106.40,53,
106.45,53,
106.50,53,
106.55,53,
106.60,52,
106.65,52,
106.70,52,
106.75,52,
106.80,51,
106.85,51,
106.90,51,
106.95,51,
107.00,51,
107.05,50,
107.10,50,
107.15,50,
107.20,49,
107.25,49,
107.30,49,
107.35,49,
107.40,49,
107.45,48,
107.50,48,
107.55,48,
107.60,48,
107.65,48,
107.70,48,
107.75,47,
107.80,47,
107.85,47,
107.90,47,
107.95,46,
108.00,46,
108.05,46,
108.10,46,
108.15,45,
108.20,45,
108.25,45,
108.30,45,
108.35,45,
108.40,44,
108.45,44,
108.50,44,
108.55,44,
108.60,44,
108.65,43,
108.70,43,
108.75,43,
108.80,43,
108.85,42,
108.90,42,
